accession_id	contact_city	contact_country	contact_institute	available_date	last_update_date	overall_design	summary	platform_id	publishing_platform	title	experiment_type
GSE10281	Houston	USA	Baylor College of Medicine	Public on Aug 15 2009	Mar 25 2019	Biopsies were taken from the same subjects both pretreatment and after 10-14 days Letrozol, 2.5 mg/day, oral.	Tumorigenic breast cancer cells characterized by high CD44 and low or undetectable CD24 levels (CD44+/CD24-/low) may be resistant to conventional therapies and responsible for cancer relapse. We defined a “signature” expression pattern of hundreds of genes associated with CD44+/CD24-/low, mammosphere-forming cells. In a panel of patient breast tumors, this tumorigenic gene signature was found exclusively manifested in tumors of the recently identified “claudin-low” molecular profile subtype characterized by overexpression of many mesenchymal-associated genes, suggesting that these tumors have pre-existing higher levels of tumorigenic cells. Furthermore, when comparing the expression profiles of paired breast cancer core biopsies before versus after hormone therapy or chemotherapy, both the tumorigenic and “claudin-low” signatures were more active in about half of tumors after treatment, indicative of a greater enrichment of tumorigenic cells as a result of treatments targeting the bulk tumor cells. + Keywords: two group comparison	GPL570	GEO	Letrozole (Femara) early response to treatment	Expression profiling by array
GSE10780	Tampa	USA	Moffitt Cancer Center	Public on Mar 09 2009	Mar 25 2019	RNA was extracted from microdissected frozen breast tissues for gene array analysis	Analysis of 143 completely histologically-normal breast tissues resulted in the identification of a “malignancy risk” gene signature that may serve as a marker of subsequent risk of breast cancer development. + Keywords: Tissue from breast cancer and adjacent regions	GPL570	GEO	Proliferative genes dominate malignancy-risk gene signature in histologically-normal breast tissue	Expression profiling by array
GSE10797	Burlington	USA	University of Vermont	Public on Apr 03 2008	Dec 06 2018	Breast tissue was collected at surgery from patients undergoing surgical resection for  invasive breast cancer (n=28) and reduction mammoplasty (n=5).  Tissue was cryopreserved in OCT and serial sections were cut using a cryostat.  Sections were stained and epithelial and stromal cells were isolated by laser capture microdissection.  Total RNA was isolated and target was prepared using NuGen Ribo-SPIA Ovation Technology.  Gene expression was measured using Affymetrix U133A 2.0 GeneChips. Gene expression differences were evaluated using a linear model of the Robust Multichip Average gene expression statistic, a model that accounted for cell type (E and S), patient diagnosis (C and N), as well as cell type-diagnosis interactions. Data were examined to determine false discovery rate and were filtered for fold changes in gene expression and p-value.	The molecular basis of breast cancer invasion and metastasis is not well understood.  Our objective was to analyze transcriptome differences between stromal and epithelial cells in normal breast tissue and invasive breast cancer to define the role stroma plays in invasion.  Total RNA was isolated from epithelial and stromal cells that were laser captured from normal breast tissue (n=5) and invasive breast cancer (n=28).  Gene expression was measured using Affymetrix U133A 2.0 GeneChips.  Differential gene expression was evaluated and compared within a model that accounted for cell type (epithelial [E] versus stromal [S]), diagnosis (cancer [C] versus normal [N]) as well as cell type-diagnosis interactions. Compared to NE, the CE transcriptome was highly enriched with genes in proliferative, motility and ECM ontologies.  Differences in CS and NS transcriptomes suggested that the ECM was being remodeled in invasive breast cancer, as genes were over-represented in ECM and proteolysis ontologies.   Genes more highly expressed in CS compared to CE were primarily ECM components or were involved in the remodeling of ECM, suggesting that ECM biosynthesis and remodeling were initiated in the tumor stromal compartment. + Keywords: cell type comparison, disease state analysis	GPL571	GEO	Transcriptomes of breast epithelium and stroma in normal reduction mammoplasty and invasive breast cancer patients.	Expression profiling by array
GSE10810	Granada	Spain	Hospital Universitario San Cecilio	Public on Jun 30 2009	Mar 25 2019	In total, 58 samples were studied, 31 tumors and 27 controls. Some of the samples are paired	Background. The development of reliable gene expression profiling  technology is having an increasing impact on our understanding of breast cancer biology. + Methods. In this study, microarray analysis was performed in order to establish gene signatures for different breast cancer phenotypes, determine differentially expressed gene sequences at different stages of the disease, and identify sequences with biological significance for tumor progression. Samples were taken from patients before their treatment. After microarray analysis, the expression level of 153 selected genes was studied by qPCR. + Results. A number of gene sequences were differentially expressed in tumor versus control samples and were also associated with different breast cancer phenotypes, ER status, tumor histology, and grade of tumor differentiation. In N0 tumors were found a set of genes related to tumor differentiation grade. + Conclusion. A number of differentially expressed gene sequences were found at different stages of the breast cancer disease. +  + Key Words: Breast cancer, gene expression signature, tumor invasiveness, microarrays, qPCR	GPL570	GEO	Gene expression signatures in breast cancer distinguish phenotype charact., histological subtypes, and tumor invasivness	Expression profiling by array
GSE11001	Berlin	Germany	Charite - Universitaetsmedizin Berlin	Public on Aug 01 2008	Mar 25 2019	RNA from 24 breast cancer biopsies extracted with kit A, RNA from 6 breast cancer biopsies extracted with kit B	The routine workflow for invasive cancer diagnostics is based on biopsy processing by formalin fixation and subsequent paraffin embedding. Formalin-fixed paraffin-embedded (FFPE) tissue samples are easy to handle, stable and particularly suitable for morphologic evaluation, immunohistochemistry and in situ hybridization. However, it has become a paradigm that these samples cannot be used for genome-wide expression analysis with microarrays. To oppose this view, we present a pilot microarray study using FFPE core needle biopsies from breast cancers as RNA source.  We found that microarray probes interrogating sequences near the poly-A-tail of the transcribed genes were well suitable to measure RNA levels in FFPE core needle biopsies. For the ER and the HER2 gene, we observed strong correlations between RNA levels measured in these probe sets and protein expression determined by immunohistochemistry (p 0.000003 and p 0.0022). Further, we have identified a signature of 364 genes that correlated with ER protein status and a signature of 528 genes that correlated with HER2 protein status. Many of these genes (ER: 60%) could be confirmed by analysis of an independent publicly available data set. Finally, a hierarchical clustering of the biopsies with respect to three recently reported gene expression grade signatures resulted in widely stable low and high expression grade clusters that correlated with the pathological tumor grade.  These findings support the notion that clinically relevant information can be gained from microarray based gene expression profiling of FFPE cancer biopsies. This opens new opportunities for the integration of gene expression analysis into the workflow of invasive cancer diagnostics as well as translational research in the setting of clinical studies. + Keywords: disease state analysis	GPL570	GEO	Genome-wide expression profiling from formalin-fixed paraffin-embedded breast cancer core biopsies	Expression profiling by array
GSE11121	Leverkusen	Germany	Bayer Technology Services GmbH	Public on Jul 01 2008	Nov 02 2020	Population based N0 untreated breast cancer cohort study including 200 samples	Estrogen receptor (ER) expression and proliferative activity are established prognostic factors in breast cancer. In a search for additional prognostic motives we analyzed the gene expression patterns of 200 tumors of patients who were not treated by systemic therapy after surgery using a discovery approach. After performing hierarchical cluster analysis, we identified co-regulated genes related to the biological process of proliferation, steroid hormone receptor expression, as well as B cell and T cell infiltration. We calculated metagenes as surrogate for all genes contained within a particular cluster and visualized the relative expression in relation to time to metastasis with principal component analysis. Distinct patterns led to the hypothesis of a prognostic role of the immune system in tumors with high expression of proliferation associated genes. In multivariate Cox regression analysis the proliferation metagene showed a significant association with metastasis-free survival of the whole discovery cohort (Hazard Ratio (HR) 2.20, 95% confidence interval (CI) 1.40-3.46). The B cell metagene showed additional independent prognostic information in carcinomas with high proliferative activity (HR 0.66, 95% CI 0.46 - 0.97). A prognostic influence of the B-cell metagene was independently confirmed by multivariate analysis in a first validation cohort enriched for high grade tumors (n=286, HR 0.78, 95% CI 0.62-0.98), and a second validation cohort enriched for younger patients (n=302, HR 0.83, 95% CI 0.7-0.97). Thus, we could demonstrate in three cohorts of untreated node-negative breast cancer patients, that the humoral immune system plays a pivotal role for metastasis-free survival of carcinomas of the breast. + Keywords: disease state analysis	GPL96	GEO	The humoral immune system has a key prognostic impact in node-negative breast cancer	Expression profiling by array
GSE111662	Philadelphia	USA	Fox Chase Cancer Center	Public on Mar 19 2019	Apr 17 2019	For each of nine women included in this substudy, three microarrays were performed in the same batch, using RNA extracted from 1) the epithelial cells of the mammary gland, 2) the stroma and 3) whole tissue. For each subject a linear regression model was fitted across all genes. The gene expression values in the whole tissue were modeled as a linear function of the gene expression in epithelial and stromal tissues.	The breast tissue contains both epithelial and stromal tissues in its composition.  In this substudy we compared the gene expression of the whole core needle biopsy of the breast with the expression observed in its epithelia and stroma. + Laser capture microdissection was performed to compare the gene expression profile in the whole breast biopsy with that in the epithelial and stromal tissues.  In this study we had samples collected from nive premenopausal women, free of any breast abnormality.	GPL570	GEO	Whole breast tissue gene expression in comparison to expression in epithelial and stromal tissues	Expression profiling by array
GSE118432	Amherst	USA	University of Massachusetts	Public on Apr 10 2020	Apr 10 2020	In the present study, patients with atypical hyperplasia (AH) but no history of breast cancer were selected. Laser capture microdissection was used to collect both histologically normal benign epithelium (HNB) as well as AH tissues from each patient. The complete transcriptome was evaluated using microarrays and used to define signatures that distinguish AH lesions from the HNB tissues.	• Atypical hyperplasias (AH) provide insights into early changes that may predispose breast epithelial cells to oncogenic transformation.  • Of genes associated with premalignancy in prior studies, only mRNA levels of ESR1 and SFRP1 were detected in the present study.   • Transcriptional profiling defined signatures distinguishing atypical hyperplasias. The patterns of expression were similar among hyperplastic lesions of lobular and ductal phenotype suggesting a common set of alterations underlying both lesions. Pathway analyses identified elevated expression of estrogen receptor alpha, androgen receptor and EGFR receptors and Rho signaling as central events nodes in the pathways altered in AH.   • A set of 43 genes were identified as common targets using 2 different algorithms to detect signatures associated with AH. Knockdown of SFRP1 in a TERT immortalized breast epithelial cell line resulted in 14 genes from this signature being either up-regulated or down-regulated as observed in the expression profiles from AH.   • The results demonstrate a signature of genes representing alterations that are common to the development of hyperplasias in both ductal and lobular epithelium. Loss of SFRP1 expression is a key player underlying the transcriptional changes in AH that directs a module of genes that can be used to improve reproducibility of diagnosis of AH.	GPL6244	GEO	SFRP1-regulated gene expression in premalignant breast lesions	Expression profiling by array
GSE120129	Laurel	USA	Johns Hopkins APL	Public on Sep 19 2018	Mar 25 2019	108 samples taken from patients at tumor, 5mm, 10mm, 15mm, 20mm from tumor were subjected to microarray analysis using HG-U133 Plus 2 affymetrix arrays	Genome-wide gene expression changes were determined in histopathologically normal breast tissue in 33 women undergoing mastectomy for stage II and III primary invasive ductal carcinoma at serial distances in three dimensions from the tumor. Gene expression was determined by genome-wide mRNA analysis and subjected to metagene mRNA characterization	GPL570	GEO	A genomic ruler to assess oncogenic transition between breast tumor and stroma	Expression profiling by array
GSE12093	San Diego	USA	Veridex, LLC	Public on Oct 07 2008	Aug 10 2018	136 breast cancer samples that were treated with tamoxifen were classified using the 76-gene signature	Classification of tamixifen-treated breast cancer patients into high and low risk groups using the 76-gene signature	GPL96	GEO	The 76-gene Signature Defines High-Risk Patients that Benefit from Adjuvant Tamoxifen Therapy	Expression profiling by array
GSE12276	Rotterdam	Netherlands	Erasmus Medical Centre	Public on Jun 13 2009	Jul 26 2022	204 primary tumors from breast cancer patients with known site of relapse were studied, focussing on brain relapse versus other relapse. Identified genes were validated in this cohort.	Brain metastasis is one of the most feared complications of cancer and the most common intracranial malignancy in adults. Its underlying mechanisms remain unknown. From breast cancer patients with metastatic disease we isolated cell populations that aggressively colonize the brain. Transcriptomic analysis of these cells yielded overlapping gene sets whose expression is selectively associated with brain metastasis. The expression of seventeen of these genes in primary breast tumors is associated with brain relapse in breast cancer patients. Some of these genes are also associated with metastasis to lung but not to liver, bone or lymph nodes, providing a molecular basis for the long-observed link between brain and lung metastasis. Among the functionally validated brain metastasis genes, the cyclooxigenase COX-2, the EGFR ligand HB-EGF, and the brain-specific  2-6 sialyltransferase ST6GALNAC5 mediate cancer cell passage through the blood-brain barrier. Other brain metastasis genes encode inflammatory factors and brain-specific proteolytic regulators, suggesting a multifaceted program for breast cancer colonization of the brain. +  + Keywords: Disease state comparison	GPL570	GEO	Expression data from primary breast tumors	Expression profiling by array
GSE12763	South San Francisco	USA	Genentech	Public on Jan 12 2009	Mar 25 2019	RNA from SNAP frozen human tumor biopsies was analyzed on Affymetrix mircroarrays	We used microarrays to profile 30 human primary breast tumors and determine global gene expression patterns and molecular subtypes +  + Keywords: Basal gene expression in human tumor samples	GPL570	GEO	Gene expression profiling of 30 human breast cancers	Expression profiling by array
GSE13787	Paris	France	Institut Curie	Public on Dec 03 2008	Aug 19 2019	The PI3K pathway was examined in 2 populations of highly proliferative, grade III, hormone receptor-negative invasive breast carcinomas. Twelve basal-like carcinomas were selected by immunohistochemistry (lack of ER, PR and HER2 staining and expression of basal cytokeratin 5/6 and/or CK14 and/or EGFR). The comparison series was composed of eleven patients with ER-/PR- and HER2+ tumors.	Introduction + Basal-like (BLCs) and epidermal growth factor receptor 2 overexpressing (HER2+) carcinomas are the subgroups of breast cancers which have the more aggressive clinical behavior. In contrast to HER2+ carcinomas, no targeted therapy is currently available for the treatment of patients with BLCs. In order to discover potential therapeutic targets, we searched for deregulated signaling pathways in human BLCs. +  + Methods + In this study, we focused on the oncogenic phosphatidylinositol 3-kinase (PI3K) pathway in twelve BLCs, and compared it to a control series of eleven hormonal receptor negative- and grade III- matched HER2+ carcinomas. The two tumor populations were first characterized by immunohistochemistry and gene expression. The PI3K pathway was then investigated by gene copy-number analysis, gene expression profiling and at a proteomic level using reverse phase protein array technology and tissue microarray. The effects of PI3K inhibition pathway on proliferation and apoptosis was further analyzed in three human basal-like cell lines. +  + Results + The PI3K pathway was found to be activated in BLCs and up-regulated compared to HER2+ tumors as shown by a significantly increased activation of the downstream targets Akt and mTOR. BLCs expressed significantly lower levels of the tumor suppressor PTEN and PTEN levels correlated negatively in a significant manner with Akt activity within that population. PTEN protein expression correlated significantly with PTEN DNA copy number and more importantly, reduced PTEN DNA copy numbers were observed specifically in BLCs. Similarly to human samples, basal-like cell lines exhibited an activation of PI3K / Akt pathway and low/lack PTEN expression.  Both PI3K and mTOR inhibitors led to basal-like cell growth arrest. However, apoptosis was observed specifically after PI3K inhibition.	GPL570	GEO	Frequent PTEN genomic alterations and activated PI3K pathway in basal-like breast cancer	Expression profiling by array
GSE14017	Houston	USA	Baylor College of Medicine	Public on May 01 2009	Mar 25 2019	58 breast cancer metastases from different organs were  profiled and compared by the expression level of over 400 cytokines. 29 samples were incuded in this series. 29 others as well as 7 in the present series were profiled on U133A platforms and included in series GSE14018.	Comparisons among breast cancer metastases at different organs revealed distinct microenvironments as characterized by cytokine content. + Such microenvironment distinction might be important to dictate how the cancer cells adapt to survival before they successfully colonize. +  + Keywords: Disease state analyses	GPL570	GEO	Metastases of breast cancer (U133plus2)	Expression profiling by array
GSE14018	Houston	USA	Baylor College of Medicine	Public on May 01 2009	Aug 10 2018	58 breast cancer metastases from different organs were  profiled and compared by the expression level of over 400 cytokines. 36 samples were incuded in this series. 22 others as well as 7 of these 36 were profiled on U133plus2 platforms and included in series GSE14017.	Comparisons among breast cancer metastases at different organs revealed distinct microenvironments as characterized by cytokine content. + Such microenvironment distinction might be important to dictate how the cancer cells adapt to survival before they successfully colonize. +  + Keywords: Disease state analyses	GPL96	GEO	Metastases of breast cancer (U133A)	Expression profiling by array
GSE1456	Stockholm	Sweden	Karolinska Institutet	Public on May 31 2006	Sep 26 2019	All tumor specimens were assessed on U133 A and B arrays.	Tissue material was collected from all breast cancer patients receiving surgery at Karolinska Hospital from 1994-1996. Material was frozen immediatley on dry ice or in liquid nitrogen and stored in -70°C freezers. This series contains expression data for n=159 tumors from which RNA could be collected in sufficient amounts and quality for analysis. + Keywords: breast cancer, expression profiling, predictive gene signature, molecular classification of cancecr	GPL96 + GPL97	GEO	Gene expression of breast cancer tissue in a large population-based cohort of Swedish patients	Expression profiling by array
GSE1561	Bordeaux	France	University of Bordeaux	Public on Jun 01 2005	Aug 10 2018	NA	EORTC 10994 is a phase III clinical trial comparing FEC with ET in patients with large operable, locally advanced or inflammatory breast cancer (www.eortc.be). Frozen biopsies were taken at randomisation. RNA was extracted from 100um thickness of 14G core needle biopsies. Adjacent sections were tested by H&E to confirm >20% tumour cell content. 100 ng total RNA per chip were amplified using the Affymetrix small sample protocol (IVT then Enzo). 49 tumours were tested on Affymetrix U133A chips. The CEL files were quantile normalised together using rma. Clinical response data are not available yet. + Keywords Apocrine carcinoma + Keywords breast cancer	GPL96	GEO	EORTC 10994 clinical trial	Expression profiling by array
GSE16391	Toronto	Canada	Princess Margaret Cancer Centre	Public on Jul 09 2009	Jun 06 2022	Test whether the Gene expression Grade Index (GGI) is a potential predictor of relapse for endocrine-treated breast cancer patients in the BIG 1-98 trial. +  + 55 microarray experiments from primary breast tumors of endocrine-treated patients. +  + No replicate, no reference sample.	Background: We have previously shown that the Gene expression Grade Index (GGI) was able to identify two subtypes of estrogen receptor (ER)-positive tumors that were associated with statistically distinct clinical outcomes in both untreated and tamoxifen-treated patients. Here, we aim to investigate the ability of the GGI to predict relapses in postmenopausal women who were treated with tamoxifen (T) or letrozole (L) within the BIG 1-98 trial.  + Methods: We generated gene expression profiles (Affymetrix) and computed the GGI for a matched, case-control sample of patients enrolled in the BIG 1-98 trial from the two hospitals where frozen samples were available. All relapses (cases) were identified from patients randomized to receive monotherapy or from the switching treatment arms for whom relapse occurred before the switch.  Each case was randomly matched with four controls based upon nodal status and treatment (T or L).  The prognostic value of GGI was assessed as a continuous predictor and divided at the median.  Predictive accuracy of GGI was estimated using time-dependent area under the curve (AUC) of the ROC curves.  + Results:  Frozen samples were analyzable for 48 patients (10 cases and 38 controls).  Seven of the 10 cases had been assigned to receive L. Cases and controls were comparable with respect to menopausal and nodal status, local and chemotherapy, and HER2 positivity. Cases were slightly older than controls and had a larger proportion of large, poorly differentiated ER+/PgR- tumors.  The GGI was significantly and linearly related to risk of relapse: each 10-unit increase in GGI resulted in an increase of approximately 11% in the hazard rate (p=0.02).  Within the subgroups of patients with node-positive disease or who were treated with L, the hazard of relapse was significantly greater for patients with GGI at or above the median. AUC reached a maximum of 78% at 27 months. + Conclusions: This analysis supports the GGI as a good predictor of relapse for ER-positive patients, even among patients who receive L.  Validation of these results, in a larger series from BIG 1-98, is planned using the simplified GGI represented by a smaller set of genes and tested by qRT-PCR on paraffin-embedded tissues. 	GPL570	GEO	GGI: a potential predictor of relapse for endocrine-treated breast cancer patients in the BIG 1-98 trial	Expression profiling by array
GSE16446	Toronto	Canada	Princess Margaret Cancer Centre	Public on Jan 26 2010	Jun 06 2022	Predicting the efficacy of anthracyclines (epirubicin) in breast cancer (BC) patients (TOP trial) +  + 120 microarray experiments from primary ER-negative breast tumors of anthracycline-treated patients. +  + No replicate, no reference sample.	PURPOSE: Validated biomarkers predictive of response/resistance to anthracyclines in breast cancer are currently lacking. The neoadjuvant TOP trial, in which patients with estrogen receptor (ER)-negative tumors were treated with anthracycline (epirubicin) monotherapy, was specifically designed to evaluate the predictive value of topoisomerase IIα (TOP2A) and to develop a gene expression signature to identify those patients who do not benefit from anthracyclines.   +  + METHODS: The TOP trial included 149 patients, of which 141 were evaluable for response prediction analyses. The primary endpoint was pathological complete response (pCR). TOP2A and gene expression profiles were evaluated using pre-epirubicin biopsies. Gene expression data from ER-negative samples of the EORTC 10994/BIG 00-01 and MDACC 2003-0321 neoadjuvant trials were used for validation purposes. +  + RESULTS: A pCR was obtained in 14% of the evaluable TOP patients. TOP2A amplification, but not protein overexpression, was significantly associated with pCR (p=0.001 and 0.22). We developed an “anthracycline-based score (A-Score)” that combines three signatures: a TOP2A gene signature and two previously published signatures related to tumor invasion and immune response. The A-Score was characterized by a high negative predictive value (NPV=0.98 [95% CI: 0.90-1.00]) overall, and in the HER2-negative and HER2-positive subpopulations. Its performance was independently confirmed in the anthracycline-based (FAC/FEC) arms of the two validation trials (BIG 00-01: 0.80 [0.61-0.92] and MDACC 2003-0321: 1.00 [0.80-1.00]). +  + CONCLUSION: Given its high NPV, the A-Score could become, if further validated, a useful clinical tool to identify those patients who do not benefit from anthracyclines and could therefore be spared the non-negligible side effects.	GPL570	GEO	Multifactorial Approach to Predicting Resistance to Anthracyclines	Expression profiling by array
GSE167213	Halle (Saale)	Germany	Martin-Luther-University Halle-Wittenberg	Public on Jul 31 2021	Feb 02 2022	Molecular subtyping was performed in 124 TNBC tumours that were obtained from a prospective, multicentre cohort including 1,270 histopathologically confirmed invasive, non-metastatic breast cancers (NCT 01592825).	Triple-negative breast cancer (TNBC) is considered the most aggressive type of breast cancer with limited options for therapy. TNBC is a heterogeneous disease and tumours has been classified into TNBC subtypes using gene expression profiling to distinguish basal-like1 (BL1), basal-like2 (BL2), immunomodulatory (IM), mesenchymal (M), mesenchymal/stem-like (MSL), luminal androgen receptor (LAR) and one non-classifiable group (called unstable, UNS). + The aim of this study was to verify the clinical relevance of molecular subtyping of TNBCs by expression analysis to improve the individual indication of systemic therapy.	GPL570	GEO	Identifying High-Risk Triple-Negative Breast Cancer Patients by Molecular Subtyping	Expression profiling by array
GSE16873	Boston	USA	Boston University Medical Center	Public on Sep 08 2009	Dec 23 2019	Forty total samples were analyzed via Affymetrix U133A. Patient age ranged from 48-92. Case numbers correspond to individual patients. Each sample is identified by case number, histologic lesion and corresponding microarray ID.	Proliferative breast lesions, such as simple ductal hyperplasia (SH) and atypical ductal hyperplasia (ADH), are candidate precursors to ductal carcinoma in situ (DCIS) and invasive cancer. To better understand their relationship to more advanced disease, we used microdissection and DNA microarrays to profile the gene expression of patient-matched histologically normal (HN), ADH, and DCIS from 12 patients with ER+ sporadic breast cancer. SH were profiled from a subset of cases. We found 837 differentially expressed genes between DCIS-HN and 447 between ADH-HN, with >90% of the ADH-HN genes also present among the DCIS-HN genes. Only 61 genes were identified between ADH-DCIS. Expression differences were reproduced in an independent cohort of patient-matched lesions by qRT-PCR. Many breast cancer-related genes and pathways were dysregulated in ADH and maintained in DCIS. Particularly, cell adhesion and extracellular matrix (ECM) interactions were overrepresented. Focal adhesion was the top pathway in each gene set. We conclude that ADH and DCIS share highly similar gene expression and are distinct from HN. In contrast, SH appear more similar to HN. These data provide genetic evidence that ADH (but not SH) are often precursors to cancer and suggest cancer-related genetic changes, particularly adhesion and ECM pathways, are dysregulated prior to invasion and even before malignancy is apparent. These findings could lead to novel risk stratification, prevention, and treatment approaches. + Patient-matched (HN, SH, ADH, DCIS) samples were isolated from within patients with ER+ sporadic breast cancers via laser capture microdissection.  Use of patient-matched samples decreases between patient variations.	GPL96	GEO	Early Dysregulation of Cell Adhesion and Extracellular Matrix Pathways in Breast Cancer Progression	Expression profiling by array
GSE17705	Woburn	USA	Nuvera Biosciences	Public on Aug 13 2010	Aug 10 2018	Tissue samples were processed and profiled by two different labs (MD Anderson Cancer Center and Jules Bordet Institute).	Validation dataset of 298 ER-positive patients treated with tamoxifen for 5 years. +  + All patients in this dataset have ER+ breast cancer and were uniformly treated with tamoxifen for 5 years. The objective of the study was to correlate levels of genomic markers to outcomes (relapse free survival) in this cohort of uniformly treated patients.	GPL96	GEO	Endocrine Sensitivity Index Validation Dataset	Expression profiling by array
GSE17907	Marseille	France	Institut Paoli-Calmettes	Public on Sep 02 2009	Mar 25 2019	Tumor tissues were collected from 340 patients with invasive adenocarcinoma who underwent initial surgery at the Institut Paoli-Calmettes (Marseilles, France) between 1987 and 2007 (from a cohort of 2,175 patients with frozen tumor sample) and from a series of 91 Tunisian T4d tumors (TNM, UICC) treated between 1994 and 1998 at the Salah Azaiz Institute (Tunis, Tunisia). Each patient gave informed consent and the study was approved by our institutional review board. Samples were macrodissected and frozen in liquid nitrogen within 30 minutes of removal. Genomic imbalances were determined by aCGH using 244K CGH oligonucleotide microarrays (Hu-244A, Agilent Technologies). Gene expression data of 51 of the 54 BCs and 4 normal breast (NB) samples (NB1, NB2, NB3 and NB4, representing samples from 4 women and 3 commercial pools of respectively 1, 2 and 4 normal breast RNA, Clontech, Palo Alto, CA) were quantified by using whole-genome DNA microarrays (HG-U133 plus 2.0, Affymetrix).	15-25% of breast cancers (BC) show ERBB2-amplification and overexpression of the encoded ERBB2 tyrosine kinase receptor. They are associated with a poor prognosis but can benefit from targeted therapy. A better knowledge of these BCs may help understand their behavior and design new therapeutic strategies. In this study, we defined the high resolution genome and gene expression profiles of 54 ERBB2-amplified BCs using 244K oligonucleotide array-comparative genomic hybridization and whole-genome DNA microarrays.   We first identified the ERBB2-C17orf37-GRB7 genomic segment as the minimal common amplicon, and CRKRS and IKZF3 as the most frequent centromeric and telomeric amplicon borders, respectively. Second, we identified 17 genome regions affected by copy number aberration (CNA). The expression of 37 genes of these regions was deregulated. Third, two types of heterogeneity were observed in ERBB2-amplified BCs. The genomic profiles of estrogen receptor-postive (ER+) and negative (ER-) ERBB2-amplified BCs were different. The WNT/ß-catenin signaling pathway was involved in ER- ERBB2-amplified BCs, and PVT1 and TRPS1 were candidate oncogenes associated with ER+ ERBB2-amplified BCs. The size of the ERBB2-amplicon was different in inflammatory (IBC) and non inflammatory BCs. ERBB2-amplified IBCs were characterized by the downregulated and upregulated mRNA expression of ten and two genes in proportion to CNA, respectively.  We have shown that ERBB2 BCs are heterogeneous and identified genomic features that may be useful in the design of therapeutical strategies	GPL570 + GPL9128	GEO	Molecular profiling of ERBB2-amplified breast cancers	Expression profiling by array + Genome variation profiling by array
GSE18728	Seattle	USA	University of Washington	Public on Oct 30 2009	Jun 06 2022	The analysis of baseline gene expression included baseline specimens from twenty-eight patients:  11 responders and 17 non-responders.  Analyses of changes in gene expression included paired baseline and post-cycle 1 specimens from 14 patients; of these 6 patients were responders and 8 patients were non-responders.	Neoadjuvant chemotherapy has been shown to be equivalent to post-operative treatment for breast cancer, and allows for assessment of chemotherapy response.  In a pilot trial of docetaxel (T) and capecitabine (X) neoadjuvant chemotherapy for Stage II/III BC, we assessed correlation between baseline gene expression and tumor response to treatment, and examined changes in gene expression associated with treatment.  Patients received 4 cycles of TX. Tumor tissue obtained from Mammotome™ core biopsies pretreatment (BL) and post-Cycle 1 (C1) of TX was flash frozen and stored at -70C until processing. Gene expression analysis utilized Affymetrix HG-U133 Plus 2.0 GeneChip arrays. Statistical analysis was performed using BRB Array Tools after RMA normalization. Gene ontology (GO) pathway analysis used random variance t-tests with a significance level of p<0.005.  For gene categories identified by GO pathway analysis as significant, expression levels of individual genes within those pathways were compared between classes using univariate t-tests; those genes with significance level of p<0.05 were reported.	GPL570	GEO	Expression data from human breast cancers pre and post chemothrapy	Expression profiling by array
GSE18864	Lyngby	Denmark	Technical University of Denmark	Public on Nov 04 2009	Mar 25 2019	Pretreatment tumor samples from the clinical trial (N=24 with adequate tissue) were used for RNA extraction, linear amplification, biotin labeling and hybridization to Affymetrix U133 plus 2.0 arrays.  A reference set of 51 primary breast tumors representing all subtypes of breast cancer were processed in a similar manner to include linear amplification, and hybridized to Affymetrix arrays.	Evidence suggests that BRCA1 mutation associated tumors have increased sensitivity to DNA damaging agents like cisplatin.  Sporadic triple negative breast cancers (TNBC) have many phenotypic similarities to BRCA1 tumors and may have a similar sensitivity to cisplatin.  We tested the efficacy of cisplatin monotherapy in 28 TNBC patients in a single arm neoadjuvant trial with outcome measured by pathologic treatment response quantified using the Miller-Payne scale. + We used microarrays gene expression profiles to determine tumor subtype of each trial tumor sample and to test various expression signatures for association with pathologic response to cisplatin.	GPL570	GEO	Tumor expression data from neoadjuvant trial of cisplatin monotherapy in triple negative breast cancer patients	Expression profiling by array
GSE19697	St Louis	USA	Washington University School of Medicine	Public on Dec 30 2009	Mar 25 2019	Core biopsies were obtained from 86 patients prior to neoadjuvant therapy out of which 70 fulfilled the requirements to undergo expression analysis (24 of these 70 were used in the published analysis). pCR was defined as no residual invasive disease in the breast or lymph nodes. Residual in situ carcinoma was also considered as pCR. RNA was extracted from snap frozen 14-gauge core samples obtained from pre-treatment tumors. Specimens containing more than 40% of tumor on histological examination were analyzed.	A gene expression signature characterizes expression data from breast cancer samples of patients with pathological complete response (pCR) or residual disease (RD) following the neoadjuvant trial. + Several gene expression profiles have been reported to predict breast cancer response to neoadjuvant chemotherapy. These studies often consider breast cancer as a homogeneous entity, although higher rates of pathologic complete response (pCR) are known to occur within the basal-like subclass. We postulated that profiles with higher predictive accuracy could be derived from a subset analysis of basal-like tumors in isolation. Using a previously described ‘‘intrinsic’’ signature to differentiate breast tumor subclasses, we identified 50 basal-like tumors from two independent clinical trials associated with gene expression profile data. 24 tumor data sets (included in this GEO submission) were derived from a 119-patient neoadjuvant trial at our institution and an additional 26 tumor data sets were identified from a published data set (Hess et al. J Clin Oncol 24:4236–4244, 2006). The combined 50 basal-like tumors were partitioned to form a 37 sample training set with 13 sequestered for validation. Clinical surveillance occurred for a mean of 26 months. We identified a 23-gene profile which predicted pCR in basal-like breast cancers with 92% predictive accuracy in the sequestered validation data set. Furthermore, distinct cluster of patients with high rates of cancer recurrence was observed based on cluster analysis with the 23-gene signature. Disease-free survival analysis of these three clusters revealed significantly reduced survival in the patients of this high recurrence cluster. We identified a 23- gene signature which predicts response of basal-like breast cancer to neoadjuvant chemotherapy as well as disease-free survival. This signature is independent of tissue collection method and chemotherapeutic regimen. +  + Keywords: Disease state analysis	GPL570	GEO	An expression profile that predicts the therapeutic response of the basal-like breast cancer to neoadjuvant chemotherapy	Expression profiling by array
GSE20086	Madison	USA	University of Wisconsin	Public on Jan 29 2010	Mar 25 2019	Paired CAF and NF were isolated from six primary human breast carcinoma specimens. RNA was extracted from low-passage cultures of CAF and NF and analyzed with Affymetrix Human Genome U133 Plus 2.0 arrays. The array data were examined with an empirical Bayes model and filtered according to the posterior probability of equivalent expression and fold difference in expression.	Twenty-one genes (27 probe sets) were up-regulated in CAF, as compared with NF. Known functions of these genes relate to paracrine or intracellular signaling, transcriptional regulation, extracellular matrix and cell adhesion/migration. Ten genes (14 probe sets) were down-regulated in CAF, including the pluripotency transcription factor KLF4. Quantitative RT–PCR analysis of 10 genes validated the array results. Immunohistochemical staining for three gene products confirmed stromal expression in terms of location and relative quantity. Surprisingly, the variability of gene expression was slightly higher in NF than in CAF, suggesting inter-individual heterogeneity of normal stroma.	GPL570	GEO	Heterogeneity of gene expression in stromal fibroblasts of human breast carcinomas and normal breast	Expression profiling by array
GSE20181	San Diego	USA	Genomics Institute of the Novartis Research Foundation	Public on Jul 28 2010	Aug 10 2018	Biopsies were taken from the same subjects at three timepoints: pretreatment, after 10-14 days Letrozol (2.5 mg/day, oral), and after 90 days Letrozol (2.5 mg/day, oral).	In the present investigation, we have exploited the opportunity provided by neoadjuvant treatment of a group of postmenopausal women with large operable or locally advanced breast cancer (in which therapy is given with the primary tumour remaining within the breast) to take sequential biopsies of the same cancers before and after 10-14 days or 90 days treatment with letrozole.  RNA extracted from the biopsies has been subjected to Affymetrix microarray analysis and the data from paired biopsies interrogated to discover genes whose expression is most influenced by oestrogen deprivation. +  + Keywords: Timecourse between subjects	GPL96	GEO	Letrozole (Femara) early and late responses to treatment	Expression profiling by array
GSE20194	Shanghai	China	Fudan University	Public on Feb 04 2010	Jun 06 2022	Gene expression data from 230 stage I-III breast cancers	The human breast cancer (BR) data set (endpoints D and E) was contributed by the University of Texas M. D. Anderson Cancer Center (MDACC, Houston, TX, USA). Gene expression data from 230 stage I-III breast cancers were generated from fine needle aspiration specimens of newly diagnosed breast cancers before any therapy. The biopsy specimens were collected sequentially during a prospective pharmacogenomic marker discovery study between 2000 and 2008. These specimens represent 70-90% pure neoplastic cells with minimal stromal contamination. Patients received 6 months of preoperative (neoadjuvant) chemotherapy including paclitaxel, 5-fluorouracil, cyclophosphamide and doxorubicin followed by surgical resection of the cancer. Response to preoperative chemotherapy was categorized as a pathological complete response (pCR no residual invasive cancer in the breast or lymph nodes) or residual invasive cancer (RD), and used as endpoint D for prediction. Endpoint E is the clinical estrogen-receptor status as established by immunohistochemistry. RNA extraction and gene expression profiling were performed in multiple batches over time using Affymetrix U133A microarrays. Genomic analysis of a subset of this sequentially accrued patient population were reported previously. For each endpoint, the first 130 cases were used as a training set and the next 100 cases were used as an independent validation set.	GPL96	GEO	MAQC-II Project: human breast cancer (BR) data set	Expression profiling by array
GSE20271	Houston	USA	University of Texas M.D. Anderson Cancer Center	Public on Sep 15 2010	Jun 06 2022	Pre-treatment FNA from primary tumors or axillary lymph node metastases were obtained and RNA extracted and hybridized to afymetrix microarrays according to manufacturer protocol.	The behavior of breast cancers and their response to different chemotherapy treatments depend on their phenotype which is to a large extent determined by gene expression programs within the cancer cell. + We used gene expression values from 30 probes on affymetrix U133A chips to calculate a score that would predict if a breast cancer is likely to achieve pathological complete response to chemotherapy consisting of T/FAC.	GPL96	GEO	Expression data from breast cancer FNA biopsies from patients	Expression profiling by array
GSE2034	San Diego	USA	Veridex	Public on Feb 23 2005	Aug 10 2018	NA	This series represents 180 lymph-node negative relapse free patients and 106 lymph-node negate patients that developed a distant metastasis. + Please see attached patient clinical parameters sheet for more information. + Keywords: other	GPL96	GEO	Breast cancer relapse free survival	Expression profiling by array
GSE20437	Boston	USA	Boston University School of Medicine	Public on Jun 01 2010	Aug 10 2018	42 total laser capture microdissected histologically normal breast tissue samples were analyzed with Affymetrix HU133A microarrays. 36 samples were age-matched between reduction mammoplasty (n=18) and histologically normal epithelial samples from breast cancer patients (n=18; 9ER+, 9ER-). 6 histologically normal epithelial samples from prophylactic mastectomy patients were then compared to data generated from the original 36 sample comparison. Sample numbers correspond to individual patient samples.	Gene expression in histologically normal epithelium from breast cancer patients and cancer-free prophylactic mastectomy patients share a similar profile + Introduction: We hypothesized that gene expression in histologically normal epithelium (NlEpi) would differ in breast cancer patients (HN) compared to usual-risk controls undergoing reduction mammoplasty (RM), and that gene expression in NlEpi from cancer-free prophylactic mastectomies from high-risk women (PM), would resemble HN gene expression. Methods: We analyzed gene expression in 73 NlEpi samples microdissected from frozen tissue. In 42 cases, we used Affymetrix HU133A microarrays to compare gene expression in 18 RM vs 18 age-matched HN (9 ER+, 9 ER-) and 6 PM. Data were validated with qPCR in 31 independent NlEpi samples (8 RM, 17 HN, 6 PM). Results: 98 probesets (86 genes) were differentially expressed between RM and HN samples. Perfoming supervised hierarchical analysis with these 98 probesets, PM and HN samples clustered together, away from RM samples. qPCR validation of independent samples was high (84%) and uniform in RM vs HN, and lower (58%), but more heterogeneous, in RM vs PM. The 86 genes were implicated in many processes including transcription and the MAPK pathway. Conclusion: Gene expression differs between NlEpi of cancer cases and controls. The cancer cases'' profile can be discerned in high-risk NlEpi. This suggests that the profile is not an effect of the tumor, but may mark increased risk and reveal breast cancer''s earliest genomic changes. + We determined that 98 probesets significantly differed between reduction mammoplasty and histologically normal epithelium from breast cancer patients. We also found that the histologically normal epithelium from prophylactic mastectomy patients'' gene expression was more similar to histologically normal epithelium from breast cancer patients'' than to reduction mammoplasty patients'' gene expression. These results demonstrate that gene expression differs between NlEpi of cancer cases and controls. The cancer cases’ profile can be discerned in high-risk NlEpi. This suggests that the profile is not an effect of the tumor, but may mark increased risk and reveal breast cancer''s earliest genomic changes.	GPL96	GEO	Histologically normal epithelium from breast cancer patients and cancer-free prophylactic mastectomy patients	Expression profiling by array
GSE20685	Taipei	Taiwan	Koo Foundation SYS Cancer Center	Public on Apr 24 2011	Jun 06 2022	Gene expression profiles of 327 breast cancer samples were determined using total RNA and Affymetrix U133 plus 2.0 arrays.	The primary goal of this study is to identify molecular subtypes of breast cancer through gene expression profiles of 327 breast cancer samples and determine molecular and clinical characteristics of different breast cancer subtypes. + We studied expression signatures of different cellular functions (e.g., cell proliferation/cell cycle, wound response, tumor stromal response, vascular endothelial normalization, drug esponse genes, etc.) in different breast cancer molecular subtypes and investigated how microarray-based breast cancer molecular subtypes may be used to guide treatment.	GPL570	GEO	Microarray-based molecular subtyping of breast cancer	Expression profiling by array
GSE20711	Toronto	Canada	Princess Margaret Cancer Centre	Public on Oct 19 2011	Jun 17 2021	92 bgene expression profiling reast cancer patients. Study of epigenetic variation (methylation) linked to gene expression. No replicate, no reference sample.  Two samples (Breast tumor from patient P_64 and Normal breast tissue N6) were of poor quality and were not processed for a final of 90 gene expression Samples.	Breast cancer is a molecularly, biologically and clinically heterogeneous group of disorders. Understanding this diversity is essential to improving diagnosis and optimising treatment. Both genetic and acquired epigenetic abnormalities participate in cancer, but information is scant on the involvement of the epigenome in breast cancer and its contribution to the complexity of the disease. Here we used the Infinium Methylation Platform to profile at single-CpG resolution (over 14,000 genes interrogated) the methylomes of 119 breast tumours. It emerges that many genes whose expression is linked to the ER status are epigenetically controlled (or/ we show that the two major phenotypes of breast cancers determined by ER status are widely involving epigenetic regulatory mechanisms), offering the prospect of a novel approach to treating ER-positive tumours. We have distinguished methylation-profile-based tumour clusters, some coinciding with known “expression subtypes” but also new entities that may provide a meaningful basis for refining breast tumour typology. We show that methylation patterns may reflect the cellular origins of tumours. Having highlighted an unexpectedly strong epigenetic component in the regulation of key immune pathways, we show that a set of immune genes have high prognostic value in specific tumour categories. By laying the ground for better understanding of breast cancer heterogeneity and improved tumour taxonomy, the precise epigenetic portraits drawn here should contribute to better management of breast cancer patients.	GPL570	GEO	Epigenetic portraits of human breast cancers (expression data)	Expression profiling by array
GSE21422	Berlin	Germany	Charité	Public on Apr 11 2011	Aug 19 2019	5 healthy tissue samples, 9 DCIS and 5 invasive ductal carcinomas were analysed.	Human healthy tissue samples, DCIS and invasive mammary tumors were analyzed in order to identify marker genes which show enhanced expresssion in DCIS and invasive ductal carcinomas. + Using this approach, we were able to identify a set of genes which might allow a better detection of DCIS and invasive carcinomas in the future.	GPL570	GEO	Expression profiling of human DCIS and invasive ductal breast carcinoma	Expression profiling by array
GSE21653	Marseille	France	Institut Paoli-Calmettes	Public on May 05 2010	Mar 25 2019	The IPC series contained frozen tumor samples obtained from 266 early breast cancer patients who underwent initial surgery in our institution between 1992 and 2004. They included 227 cases previously reported {Finetti, 2008 #1758} and 39 additional cases, all similarly profiled using Affymetrix U133 Plus 2.0 human oligonucleotide microarrays as previously described {Finetti, 2008 #1758}. The study was approved by the IPC review board, and informed consent was available for each case. Gene expression data of 266 BCs  were quantified by using whole-genome DNA microarrays (HG-U133 plus 2.0, Affymetrix).	Medullary breast cancers (MBC) display a basal profile, but a favorable prognosis. We hypothesized that a previously published 368-gene expression signature associated with MBC might serve to define a prognostic classifier in basal cancers. We collected public gene expression and histoclinical data of 2145 invasive early breast adenocarcinomas. We developed a Support Vector Machine (SVM) classifier based on this 368-gene list in a learning set, and tested its predictive performances in an independent validation set. Then, we assessed its prognostic value and that of six prognostic signatures for disease-free survival (DFS) in the remaining 2034 samples. The SVM model accurately classified all MBC samples in the learning and validation sets. A total of 466 cases were basal across other sets. The SVM classifier separated them into two subgroups, subgroup 1 (resembling MBC) and subgroup 2 (not resembling MBC). Subgroup 1 exhibited 71% 5-year DFS, whereas subgroup 2 exhibited 50% (p=9.93E-05). The classifier outperformed the classical prognostic variables in multivariate analysis, conferring lesser risk for relapse in subgroup 1 (HR=0.52, p=3.9E-04). This prognostic value was specific to the basal subtype, in which none of the other prognostic signatures was informative.	GPL570	GEO	A gene expression signature identifies two prognostic subgroups of basal breast cancer	Expression profiling by array
GSE21947	Boston	USA	Boston University School of Medicine	Public on Dec 07 2010	Aug 10 2018	30 total laser capture microdissected histologically normal breast tissue samples were analyzed with Affymetrix HU133A microarrays. All samples were age-matched between histologically normal epithelial samples from ER+ breast cancer patients (n=15) and histologically normal epithelial samples from ER- breast cancer patients (n=15). Sample numbers correspond to individual patient samples. +  + Of the 4 publicly available datasets mentioned above, the only dataset with a GEO number was GSE3494, corresponding to the Miller dataset.  The supplementary file below lists the 251 Samples used from the GSE3494 study.  We did not reanalyze the data - there was no change made to the Miller dataset; we only used these data for confirmation of our own dataset.	Background: We hypothesize that important genomic differences between breast cancer subtypes occur early in carcinogenesis. Therefore, gene expression might distinguish histologically normal breast epithelium (NlEpi) from breasts containing estrogen receptor positive (ER+) compared with estrogen receptor negative (ER-) cancers. + Methods: We examined gene expression in 46 cases of microdissected NlEpi from previously untreated women undergoing breast cancer surgery. From 30 age-matched cases (15 ER+, 15 ER-) we used Affymetryix U133A arrays. From 16 independent cases (9ER+, 7 ER-), we validated seven selected genes using qPCR. We then compared gene expression between NlEpi and invasive breast cancer using 4 publicly available datasets. + Results: 216 probes (corresponding to 198 unique genes) distinguished the NlEpi from breasts with ER+ (NlEpiER+) compared to ER- cancers (NlEpiER-). These include genes characteristic of ER+ and ER- cancers themselves, (e.g., ESR1, GATA3, and CX3CL1, FABP7, respectively). QPCR validated the microarray results in both a sampling of the 30 original cases (84%) and all of the 16 independent cases (77%). Gene expression in NlEpiER+ and NlEPIERNlEpiER- resembled gene expression in ER+ and ER- cancers, respectively: 36%-53% of the genes or probes examined in each the 4 external datasets overlapped between NlEpi and the corresponding cancer subtype. + Conclusions: Gene expression differs in NlEpi of breasts containing ER+ compared to ER- breast cancers.  These differences echo differences in ER+ and ER- invasive cancers. Thus, breast cancer subtypes may be detectable before histologic abnormalities. NlEpi gene expression may help define subtype-specific risk signatures, identify initial subtype specific genomic differences, and suggest new targets for subtype-specific prevention and therapy. +  + We determined that 216 probesets significantly differed between histologically normal epithelium from ER+ breast cancer patients and from ER- breast cancer patients, and that gene expression in each type of histologically normal epithelium resembles expression of the corresponding subtype of invasive breast cancer (i.e., ER+ or ER-). These findings suggest that characteristic features of breast cancer subtypes are detectable prior to any histologic abnormality. This suggestion has implications for understanding breast cancer biology and devising new tools for assessing breast cancer risk.	GPL96	GEO	Gene expression profiles of breast cancer subtypes are detectable in histologically normal breast epithelium	Expression profiling by array
GSE22093	Houston	USA	UT MD Anderson	Public on Dec 31 2010	Jun 06 2022	Pre-treatment FNA from primary tumors were obtained and RNA extracted and hybridized to afymetrix microarrays according to manufacturer protocol.	We assess if distinct biological processes might be associated with chemotherapy sensitivity in the different clinical subsets of breast cancers. + We performed gene set analysis (GSA) using functionally annotated gene sets corresponding to almost all known biological processes in ER-positive/HER2negative and ER-negative/HER2-negative breast cancer, respectively.	GPL96	GEO	Expression data from breast cancer FNA biopsies from patients	Expression profiling by array
GSE22513	Nashville	USA	Vanderbilt University Medical Center	Public on Jun 23 2010	Mar 25 2019	Tumor tissues from pretreatment needle biopsies from patients enrolled on a paclitaxel/radiation clinical trial were laser capture microdissected for RNA extraction and hybridization to Affymetrix microarrays. We analyzed one array (sample A) from duplicate samples from each patient. 14 subject, 2 replicates each.	The purpose of this study was to identify molecular markers of pathologic response to neoadjuvant paclitaxel/radiation treatment, protein and gene expression profiling were done on pretreatment biopsies.  Patients with high-risk, operable breast cancer were treated with three cycles of paclitaxel followed by concurrent paclitaxel/radiation. Tumor tissue from pretreatment biopsies was obtained from 19 of the 38 patients enrolled in the study. Protein and gene expression profiling were done on serial sections of the biopsies from patients that achieved a pathologic complete response (pCR) and compared to those with residual disease, non-pCR (NR).  Proteomic and validation immunohistochemical analyses revealed that α-defensins (DEFA) were overexpressed in tumors from patients with a pCR. Gene expression analysis revealed that MAP2, a microtubule-associated protein, had significantly higher levels of expression in patients achieving a pCR. Elevation of MAP2 in breast cancer cell lines led to increased paclitaxel sensitivity. Furthermore, expression of genes that are associated with the basal-like, triple-negative phenotype were enriched in tumors from patients with a pCR. Analysis of a larger panel of tumors from patients receiving presurgical taxane-based treatment showed that DEFA and MAP2 expression as well as histologic features of inflammation were all statistically associated with response to therapy at the time of surgery.  We show the utility of molecular profiling of pretreatment biopsies to discover markers of response. Our results suggest the potential use of immune signaling molecules such as DEFA as well as MAP2, a microtubule-associated protein, as tumor markers that associate with response to neoadjuvant taxane–based therapy.	GPL570	GEO	Markers of Taxane Sensitivity in Breast Cancer	Expression profiling by array
GSE22544	Augusta 	USA	Medical College of Georgia Cancer Center	Public on Jun 24 2010	Mar 25 2019	16 IDC samples analyzed with the U133 Plus 2.0 array compared to 4 normal control samples.	Introduction: A major challenge in the interpretation of genomic profiling data generated from breast cancer samples is the identification of driver genes as distinct from bystander genes which do not impact tumorigenesis. One way to assess the relative importance of alterations in the transcriptome profile is to combine complementary analyses that assess changes in the copy number alterations (CNAs). This integrated  analysis  permits the identification of genes with altered expression that map within specific chromosomal regions that demonstrate copy number alterations, providing a mechanistic approach to  identify the ''driver genes’. +  + Methods:  We have performed whole genome analysis of CNAs using the Affymetrix 250K Mapping array on 22 infiltrating ductal carcinoma samples (IDCs). Analysis of transcript expression alterations was performed using the Affymetrix U133 Plus2.0 array on 16 IDC samples. Twelve IDC samples were analyzed using both platforms and the data integrated. We also incorporated data from LOH analysis to identify genes showing loss of expression in LOH regions. +  + Results:  Copy number analysis results demarcated smaller boundaries for many previously reported CNAs, and in some cases, the CNAs were defined as more than a single contiguous event. Additionally, we were able to assign driver genes to these commonly reported regions using a rigorous methodology. For example, RAB25 showed a large increased expression in the tumors and mapped to the commonly reported amplification at 1q22. We also identified 5 genes in the 8q24 amplicon and TSEN4 in the 17q25 amplified region. LOH analysis confirmed some previously reported regions, and integration with copy number data determined that the detected LOH were copy neutral events. Finally, we have identified several RXR pathways that demonstrated down-regulation in IDC whose members may represent further targets of therapeutic intervention. +  + Conclusion: We have demonstrated the utility of the application of integrated analysis using high-resolution CGH and whole genome transcript analysis for detecting driver genes in IDC. The high resolution platform allowed a refined demarcation of CNAs, and gene expression profiling provided a mechanism to detect genes directly impacted by the CNA. This is the first report of LOH in IDC using a high resolution platform.	GPL570	GEO	Integration of transcript expression, copy number and LOH analysis of infiltrating ductal carcinoma of the breast: expression analysis	Expression profiling by array
GSE23720	Marseille	France	Institut Paoli-Calmettes	Public on Mar 01 2011	Oct 31 2019	Pre-treatment tumor tissues were collected from 197 patients with invasive adenocarcinomas. Patients underwent surgical biopsies or initial surgery at the Institut Paoli-Calmettes (IPC, Marseille, France) between 1987 and 2007. Each patient gave written informed consent and the study was approved by the IPC “Comité d’Orientation Stratégique”. Tumor samples were macrodissected and frozen in liquid nitrogen within 30 minutes of removal. Before RNA extraction, tumor sections were reviewed by two pathologists and contained more than 60% of tumor cells. Gene expression data of the 197 BCs were quantified using whole-genome DNA microarrays (HG-U133 Plus 2.0, Affymetrix).	Inflammatory breast cancer (IBC) is an aggressive form of BC poorly defined at the molecular level. We compared the molecular portraits of 63 IBC and 134 non-IBC (nIBC) clinical samples. Genomic imbalances of 49 IBCs and 124 nIBCs were determined using high-resolution array-comparative genomic hybridization, and mRNA expression profiles of 197 samples using whole-genome microarrays. Genomic profiles of IBCs were as heterogeneous as those of nIBCs, and globally relatively close. However, IBCs showed more frequent “complex” patterns and a higher percentage of genes with CNAs per sample. The number of altered regions was similar in both types, although some regions were altered more frequently and/or with higher amplitude in IBCs. Many genes were similarly altered in both types; however, more genes displayed recurrent amplifications in IBCs.	GPL570 + GPL9128	GEO	High-resolution comparative genomic hybridization of inflammatory breast cancer and identification of candidate genes	Expression profiling by array + Genome variation profiling by array
GSE23988	Houston	USA	UT MD Anderson	Public on Feb 07 2011	Jun 06 2022	Pre-treatment FNA from primary tumors were obtained and RNA extracted and hybridized to afymetrix microarrays according to manufacturer protocol.	This is Phase II Trial of 4courses of 5-fluorouracil, doxorubicin and cyclophosphamide follwed by 4 additional courses of weekly docetaxel and capecitabine administered as Preoperative Therapy for Patients with Locally Advanced Breast Cancer, Stages II and III by US oncology (PROTOCOL 02-103) + We performed gene set analysis (GSA) using functionally annotated gene sets corresponding to almost all known biological processes in ER-positive/HER2negative and ER-negative/HER2-negative breast cancer, respectively.	GPL96	GEO	Expression data from breast cancer FNA biopsies from patients (US samples)	Expression profiling by array
GSE24185	Houston	USA	Baylor College of Medicine	Public on Jul 18 2011	Aug 10 2018	Primary breast tumor specimens were obtained from patients. Study volunteers completed questionnaires used to define historically normal (BMI<=24.9), overweight (BMI 25-29.9), or obese (BMI>=30) patient categories according to established WHO criteria.	Obesity is thought to contribute to worse disease outcome in breast cancer as a result of increased levels of adipocyte-secreted endocrine factors, insulin, and insulin-like growth factors (IGFs) that accelerate tumor cell proliferation and impair treatment response. We examined the effects of patient obesity on primary breast tumor gene expression, by profiling transcription of a set of tumors for which the patients’ body mass index (BMI) was ascertained. Sample profiles were stratified according to patients’ obesity phenotype defined as normal (BMI <25), overweight (BMI 25-29.9), or obese (BMI>30).  Widespread alterations in gene expression were evident in breast tumors from obese patients as compared to tumors from other patients, allowing us to define an obesity-associated cancer transcriptional signature of 662 genes. +  + Keywords: two group comparison	GPL96	GEO	Gene transcription signature of obesity in breast cancer	Expression profiling by array
GSE25055	Woburn	USA	Nuvera Biosciences	Public on May 11 2011	Nov 02 2022	Neoadjuvant study of 310 HER2-negative breast cancer cases treated with taxane-anthracycline chemotherapy pre-operatively and endocrine therapy if ER-positive.  Response was assessed at the end of neoadjuvant treatment and distant-relapse-free survival was followed for at least 3 years post-surgery.	PURPOSE: To develop a predictive test for response and survival following neoadjuvant taxane-anthracycline chemotherapy for HER2-negative invasive breast cancer. + METHODS: We developed a microarray-based gene expression test from pre-treatment tumor biopsies (310 patients) to predict favorable outcome based on estrogen receptor (ER) status,pathologic response to chemotherapy, 3-year disease outcomes, and sensitivity to endocrine therapy. Tumors were classified as treatment-sensitive if predicted to have pathologic response (and not resistance) to chemotherapy, or sensitive to endocrine therapy. We tested predictive accuracy, with 95% confidence interval (CI), for pathologic response (PPV, positive predictive value), distant relapse-free survival (DRFS), and absolute risk reduction at median follow-up in 198 other patients. Independence from clinical-pathologic factors was assessed in a multivariate Cox regression analysis based on the likelihood ratio test. Other evaluable, published response predictors (genomic grade index (GGI), intrinsic subtype (PAM50), pCR predictor (DLDA30)) were compared.	GPL96	GEO	Discovery cohort for genomic predictor of response and survival following neoadjuvant taxane-anthracycline chemotherapy in breast cancer	Expression profiling by array
GSE25065	Woburn	USA	Nuvera Biosciences	Public on May 11 2011	Nov 02 2022	Neoadjuvant validation cohort of 198 HER2-negative breast cancer cases treated with taxane-anthracycline chemotherapy pre-operatively and endocrine therapy if ER-positive.  Response was assessed at the end of neoadjuvant treatment and distant-relapse-free survival was followed for at least 3 years post-surgery.	PURPOSE: To develop a predictive test for response and survival following neoadjuvant taxane-anthracycline chemotherapy for HER2-negative invasive breast cancer. + METHODS: We developed a microarray-based gene expression test from pre-treatment tumor biopsies (310 patients) to predict favorable outcome based on estrogen receptor (ER) status,pathologic response to chemotherapy, 3-year disease outcomes, and sensitivity to endocrine therapy. Tumors were classified as treatment-sensitive if predicted to have pathologic response (and not resistance) to chemotherapy, or sensitive to endocrine therapy. We tested predictive accuracy, with 95% confidence interval (CI), for pathologic response (PPV, positive predictive value), distant relapse-free survival (DRFS), and absolute risk reduction at median follow-up in 198 other patients. Independence from clinical-pathologic factors was assessed in a multivariate Cox regression analysis based on the likelihood ratio test. Other evaluable, published response predictors (genomic grade index (GGI), intrinsic subtype (PAM50), pCR predictor (DLDA30)) were compared.	GPL96	GEO	Validation cohort for genomic predictor of response and survival following neoadjuvant taxane-anthracycline chemotherapy in breast cancer	Expression profiling by array
GSE25407	Pittsburgh	USA	University of Pittsburgh	Public on Nov 17 2010	Mar 25 2019	Three examples of stage I breast tumor and 3 samples of breast reduction mammoplasty tissue were expanded as explant cultures for RNA extraction and hybridization to Affymetrix microarrays.	Breast tumorigenesis involves modulation of gene expression. + We used microarrays to detail the global program of gene expression underlying breast tumorigenesis.	GPL570	GEO	Expression data from breast tumors and reduction mammoplasty explants	Expression profiling by array
GSE2603	New York	USA	Memorial Sloan Kettering Cancer Center	Public on Jul 28 2005	Feb 05 2020	NA	Subpopulations of MDA-MB-231 that exhibit different metastatic tropisms when injected into immuno-deficient mice.  Also, a cohort of primary breast cancers surgically resected at the Memorial Sloan-Kettering Cancer Center (MSKCC). + Keywords Breast cancer + Keywords lung metastasis + Keywords: parallel sample	GPL96	GEO	Subpopulations of MDA-MB-231 and Primary Breast Cancers	Expression profiling by array
GSE26910	Torino	Italy	University of Turin	Public on Mar 31 2011	Mar 25 2019	6 samples of stroma surrounding invasive breast primary tumors; 6 matched samples of normal stroma. 6 samples of stroma surrounding invasive prostate primary tumors; 6 matched samples of normal stroma.	Primary tumor growth induces host tissue responses that are believed to support and promote tumor progression. Identification of the molecular characteristics of the tumor microenvironment and elucidation of its crosstalk with tumor cells may therefore be crucial for improving our understanding of the processes implicated in cancer progression, identifying potential therapeutic targets, and uncovering stromal gene expression signatures that may predict clinical outcome. A key issue to resolve, therefore, is whether the stromal response to tumor growth is largely a generic phenomenon, irrespective of the tumor type, or whether the response reflects tumor-specific properties. To address similarity or distinction of stromal gene expression changes during cancer progression, oligonucleotide-based Affymetrix microarray technology was used to compare the transcriptomes of laser-microdissected stromal cells derived from invasive human breast and prostate carcinoma. Invasive breast and prostate cancer-associated stroma was observed to display distinct transcriptomes, with a limited number of shared genes. Interestingly, both breast and prostate tumor-specific dysregulated stromal genes were observed to cluster breast and prostate cancer patients, respectively, into two distinct groups with statistically different clinical outcomes. By contrast, a gene signature that was common to the reactive stroma of both tumor types did not have survival predictive value. Univariate Cox analysis identified genes whose expression level was most strongly associated with patient survival. Taken together, these observations suggest that the tumor microenvironment displays distinct features according to the tumor type that provides survival-predictive value.	GPL570	GEO	Stromal molecular signatures of breast and prostate cancer	Expression profiling by array
GSE27562	Durham	USA	Duke University	Public on Mar 01 2011	Mar 25 2019	Peripheral blood mononuclear cell (PBMC) samples were collected from women with a suspect initial mammogram prior to undergoing a diagnostic biopsy procedure to determine whether the detected abnormality was benign or malignant. In total, we collected blood from 57 women with a diagnosis of breast cancer and 37 with a benign diagnosis. We also collected blood from 31 women with normal initial mammograms as negative controls and 15 breast cancer patients following surgery. All breast cancer patient samples were collected at the Duke University Medical Center (DUMC) under an institutional review board (IRB)-approved protocol (Duke eIRB#12025) after obtaining informed consent and were provided by Dr. Jeffrey Marks. PBMC samples from patients with various gastrointestinal cancers (n=15) were colelcted and stored at DUMC under IRB-approved protocols (Duke eIRB#12010 and 12025) and were provided by Dr. Jeffrey Marks. Peripheral blood leukocyte samples from patients with brain tumors (n=7) were provided by Dr. John Sampson and were collected by leukapheresis under Duke eIRB#00003877 and #00009403.	We analyzed gene expression in human peripheral blood mononuclear cells (PBMCs) from breast cancer patients, patients with benign breast abnormalities, healthy cancer-free individuals as well as patients with other types of cancer (gastrointestinal and brain cancers).	GPL570	GEO	Expression data from human PBMCs from breast cancer patients and controls	Expression profiling by array
GSE28821	Nashville	USA	Vanderbilt University	Public on Apr 25 2011	Mar 25 2019	Invasive mammary carcinoma of the breast surgical resection specimens were laser capture microdissected for RNA extraction and hybridization to Affymetrix microarrays.	The purpose of this study was to identify differentially expressed genes in laser-capture microdissected (LCM) invasive mammary carcinomas (IMCs).	GPL570	GEO	Laser-capture microdissected invasive micropapillary carcinomas of the breast	Expression profiling by array
GSE29431	Barcelona	Spain	Center for International Health Research at Barcelona (CRESIB)	Public on Dec 22 2011	Mar 25 2019	The tumor samples under study correspond to 54 primary breast carcinomas. They included 15 cases with a HER2 IHC3+ score with HER2 gene amplification, 13 cases with IHC2+ score with amplification and 13 without HER2 gene amplification, and 13 cases IHC0/1+ score without HER2 gene amplification. 12 samples of breast normal tissues from breast cancer patients were also included as a reference. Neither overexpression nor amplification of HER2 was observed.	Background: Breast cancer is a heterogeneous neoplasm. Distinct subtypes of breast cancer have been defined, suggesting the existence of molecular differences contributing to their clinical outcomes. However, the molecular differences between HER2 positive and negative breast cancer tumors remain unclear. Objective: The aim of this study was to identify a gene expression profile for breast tumors based on HER2 status. Material and methods: The HER2 status was determined by immunohistochemistry (IHC) and fluorescence in situ hybridization (FISH) in 54 breast tumor samples. Using Affymetrix microarray data from these breast tumors, we established the expression profiling of breast cancer based on HER2 IHC and FISH results. To validate microarray experiment data, real-time quantitative reverse transcription-PCR was performed. Results: We found significant differences between the HER2-positive and HER2-negative breast tumor samples, which included overexpression of HER2, as well as other genes located on 17q12, and genes functionally related to migration. Conclusion: Our study shows the potential of integrated genomics profiling to shed light on the molecular knowledge of HER2-positive breast tumors.	GPL570	GEO	Identifying breast cancer biomarkers	Expression profiling by array
GSE2990	Toronto	Canada	Princess Margaret Cancer Centre	Public on Feb 16 2006	Aug 10 2018	64 microarray experiments from primary breast tumors used as training set to identify genes differentially expressed in grade 1 and 3. +  + 129 microarray experiments from primary breast tumors of untreated patients used as validation set to validate the list of genes and its correlation with survival. +  + No replicate, no reference sample. +  + Supplementary file GSE2990_suppl_info.txt added Dec 20, 2006.	Background: Histologic grade in breast cancer provides clinically important prognostic information. However, 30%-60% of tumors are classified as histologic grade 2. This grade is associated with an intermediate risk of recurrence and is thus not informative for clinical decision making. We examined whether histologic grade was associated with gene expression profi les of breast cancers and whether such profi les could be used to improve histologic grading. +  + Methods: We analyzed microarray data from 189 invasive breast carcinomas and from three published gene expression datasets from breast  carcinomas. We identified differentially expressed genes in a training set of 64 estrogen receptor (ER)-positive tumor samples by comparing expression profiles between histologic grade 3 tumors and histologic grade 1 tumors and used the expression of these genes to define the gene expression grade index. Data from 597 independent tumors were used to evaluate the association between relapse-free survival and the gene expression grade index in a Kaplan-Meier analysis. All statistical tests were two-sided. +  + Results: We identified 97 genes in our training set that were associated with histologic grade; most of these genes were involved in cell cycle regulation and proliferation. In validation datasets, the gene expression grade index was strongly associated with histologic grade 1 and 3 status; however, among histologic grade 2 tumors, the index spanned the values for histologic grade 1-3 tumors. Among patients with histologic grade 2 tumors, a high gene expression grade index was associated with a higher risk of recurrence than a low gene expression grade index (hazard ratio 3.61, 95% confidence interval 2.25 to 5.78; P<.001, log-rank test). +  + Conclusions: Gene expression grade index appeared to reclassify patients with histologic grade 2 tumors into two groups with high versus low risks of recurrence. This approach may improve the accuracy of tumor grading and thus its prognostic value.  +  + NB: The patients coming from Uppsala Hospital have been also used in other studies as in GSE3494. You can find the common set of patients in removing the abbreviation \""UPP_\"" from the sample names and compare the results with the \""INDEX (ID)\"" from the GSE3494 series. + Keywords: disease state analysis	GPL96	GEO	Gene Expression Profiling in Breast Cancer: Understanding the Molecular Basis of Histologic Grade To Improve Prognosis	Expression profiling by array
GSE31138	London	United Kingdom	Barts Cancer Institute	Public on Aug 03 2012	Mar 25 2019	Normal breast sections and IDC breast sections were immunostained for endothelial-specific CD31. Vessels were dissected and captured with laser capture microscopy, and RNA was extracted and analysed on an Affymetrx array chip.  In total, gene expression in blood vessels from 3 normal breast and 3 IDC breast was analysed.	We analysed gene expression in normal breast blood vessels and breast invasive ductal carinoma blood vessels.	GPL570	GEO	Identifying novel anti-angiogenic targets in human breast cancer	Expression profiling by array
GSE31192	Cleveland	USA	Cleveland Clinic	Public on Jun 26 2013	Mar 25 2019	Breast cancers have been obtained from women whose tumors arose while they were pregnant or within 1 year of delivery and from age-matched controls who had never been pregnant. Malignant epithelial cells were separated by laser capture microdissection (LCM) of frozen sections. RNA was isolated and analyzed by expression profiling using Affymetrix U133 2plus Human Gene Chips	Malignant epithelia and tumor-associated stroma of PABC and Non-PABC were isolated by laser capture microdissection and gene expression profiled. Additionally, normal breast epithelia and stroma adjacent to the two tumor types were profiled. + Lastly, subsets of previously identified E- and P-regulated genes were defined in all tissues.	GPL570	GEO	Molecular Signature of Pregnancy Associated Breast Cancer (PABC)	Expression profiling by array
GSE31448	Marseille	France	Institut Paoli-Calmettes	Public on Dec 02 2011	Mar 25 2019	To determine ECRG4 mRNA expression in breast cancer and normal breast, we first analyzed gene expression data generated by our laboratory (Institut Paoli Calmettes (IPC), Marseille, France) from cancer and normal mammary samples. Tumor tissues were from 353 patients with invasive adenocarcinoma who underwent initial surgery at IPC between 1987 and 2007. The study was approved by our institutional review board. Each patient gave a written informed consent for research use. Samples were macrodissected and frozen in liquid nitrogen within 30 min of surgical removal. All profiled specimens contained more than 60% of cancer cells (as assessed before RNA extraction using frozen sections adjacent to the profiled samples). After surgery, patients received an adjuvant multimodal treatment according to standard guidelines. Extraction of nucleic acids from frozen samples was done by using guanidium isothiocynanate and cesium chloride gradient. Expression profiles had been established for these 353 cancers pools with Affymetrix U133 Plus 2.0 human microarrays (Affymetrix®, Santa Clara, CA, USA).	ECRG4 is a promising tumor suppressor gene (TSG) recently identified in esophageal carcinoma. Its expression and prognostic value have never been explored in breast cancer. Using DNA microarray,  we examined ECRG4 mRNA expression in 353 invasive breast cancer samples. A meta-analysis was performed on a large public retrospective gene expression dataset (n=1,387) to analyze correlation between ECRG4 expression and histo-clinical features including survival.	GPL570	GEO	Down-regulation of ECRG4, a candidate tumor suppressor gene  in human breast cancer	Expression profiling by array
GSE31519	Frankfurt	Germany	J.W.Goethe-University	Public on Sep 13 2011	Jul 25 2022	Analysis of primary breast cancer biopsies from patients before treatment. No replicates. No control or reference samples are included. +  + The set of 579 TNBCs includes: (1) 67 new GEO Samples (GSM782523-GSM782589), (2) 489 re-analyzed GEO Samples (see ''Relation'' links below), and (3) 23 re-analyzed ArrayExpress Samples. +  + Cohorts: + HH University of Hamburg + FRA University of Frankfurt, adjuvant chemotherapy + FRA-2 University of Frankfurt, neoadjuvant chemotherapy + FRA-3 University of Frankfurt, no adjuvant chemotherapy +  + Data processing of the 579 TNBC Samples: +  + MAS5 values were taken from GEO if available. For samples with no MAS5 values, CEL files were downloaded from GEO and the affy package from Bioconductor was used to generate MAS5 values. Next, MAS5 values corresponding only to the 22283 probesets from the U133A array were compiled. Subsequently, normalization of MAS5 data was performed using the command line version of the program CLUSTER 3.0 (Michael Eisen; updated by Michiel de Hoon; http://bonsai.hgc.jp/~mdehoon/software/cluster/command.txt). +  + The following three steps were performed in the following order: + 1. log2 transformation of MAS5 values + 2. median centering of arrays + 3. magnitude normalization of arrays +  + These three steps correspond to the following commands: + cluster.com filename -l + cluster.com filename -ca m + cluster.com filename -na +  + The resulting dataset, which is linked below as a supplementary file, was used for the subsequent analyses.	Current prognostic gene expression profiles for breast cancer mainly reflect proliferation status and are most useful in ER-positive cancers. Triple-negative breast cancers (TNBCs) are clinically heterogeneous, and prognostic markers and biology-based therapies are needed to better treat this disease. +  + We assembled Affymetrix gene expression data for 579 TNBCs and performed unsupervised analysis to define metagenes that distinguish molecular subsets within TNBC. We used n=394 cases for discovery and n=185 cases for validation. Sixteen metagenes emerged that identified basal-like, apocrine and claudin-low molecular subtypes, or reflected various non-neoplastic cell populations including immune cells, blood, adipocytes, stroma, angiogenesis, and inflammation within the cancer. The expressions of these metagenes were correlated with survival and multivariate analysis was performed including routine clinical and pathological variables. +  + 73% of TNBCs displayed basal-like molecular subtype that correlated with high histological grade and younger age. Survival of basal-like TNBC was not different from non-basal-like TNBC. High expression of immune cell metagenes was associated with good and high expression of inflammation and angiogenesis-related metagenes were associated with poor prognosis. A ratio of high B-cell and low IL-8 metagenes identified 32% of TNBC with good prognosis (HR 0.37, 95% CI 0.22-0.61; P<0.001) and was the only significant predictor in multivariate analysis including routine clincopathological variables. +  + We describe a ratio of high B-cell presence and low IL-8 activity as a powerful new prognostic marker for TNBC. Inhibition of the IL-8 pathway also represents an attractive novel therapeutic target for this disease.	GPL96	GEO	A Clinically Relevant Gene Signature in Triple-Negative and Basal-Like Breast Cancer	Expression profiling by array + Third-party reanalysis
GSE32518	Houston	USA	UT MD Anderson	Public on Oct 31 2011	Aug 10 2018	Pre-treatment paird matched FNA and CBX from primary tumors were obtained and RNA extracted and hybridized to afymetrix microarrays according to manufacturer protocol.	Paired FNA and CBX specimens were prospectively collected from 37 breast cancers before any systemic therapy during a biomarker discovery study at The University of Texas M. D. Anderson Cancer Center. + We identified 293 probe sets overexpressed in core biopsies; these included five highly  coexpressed gene clusters (metagenes) corresponding to immune functions and extracellular  matrix components. + We compared gene expression profiles of pairs of fine-needle (stroma-poor) and core-needle (stroma-rich) biopsies from 37 cancers to identify stroma-associated genes	GPL96	GEO	Expression data from paired matched breast cancer Fine needle aspiration (FNA) or Core needle biopsies (CBX)	Expression profiling by array
GSE32646	Suita	Japan	Osaka University, Graduate School of Medicine	Public on Mar 20 2012	Jun 06 2022	Fresh frozen tumor samples obtained by vacuum-assisted core biopsy from one hundred and fifteen patients were subjected to RNA extraction and hybridization on Affymetrix microarrays.	The purpose of the present study was to investigate the association of glutathione S-transferase P1 (GSTP1) expression with resistance to neoadjuvant paclitaxel followed by 5-fluorouracil/epirubicin/cyclophosphamide (P-FEC) in human breast cancers. The relationship of GSTP1 expression and GSTP1 promoter hypermethylation with intrinsic subtypes was also investigated. In this study, primary breast cancer patients (n 123, stage II-III) treated with neoadjuvant P-FEC were analyzed. Tumor samples were obtained by vacuum-assisted core biopsy before P-FEC. GSTP1 expression was determined using immunohistochemistry, GSTP1 promoter methylation index (MI) using bisulfite methylation assay and intrinsic subtypes using DNA microarray. The pathological complete response (pCR) rate was significantly higher in GSTP1-negative tumors (80.0%) than GSTP1-positive tumors (30.6%) (P 0.009) among estrogen receptor (ER)-negative tumors but not among ER-positive tumors (P 0.267). Multivariate analysis showed that GSTP1 was the only predictive factor for pCR (P 0.013) among ER-negative tumors. Luminal A, luminal B and HER2-enriched tumors showed a significantly lower GSTP1 positivity than basal-like tumors (P 0.002, P < 0.001 and P 0.009, respectively), while luminal A, luminal B and HER2-enriched tumors showed a higher GSTP1 MI than basal-like tumors (P 0.076, P < 0.001 and P < 0.001, respectively). In conclusion, these results suggest the possibility that GSTP1 expression can predict pathological response to P-FEC in ER-negative tumors but not in ER-positive tumors. Additionally, GSTP1 promoter hypermethylation might be implicated more importantly in the pathogenesis of luminal A, luminal B and HER2-enriched tumors than basal-like tumors.	GPL570	GEO	GSTP1 expression predicts poor pathological complete response to neoadjuvant chemotherapy in ER-negative breast cancer	Expression profiling by array
GSE33692	PHILADELPHIA	USA	Thomas Jefferson University	Public on Apr 01 2012	Feb 18 2019	Tumor and matching stroma were profiled for 9 DCIS patients, 10 IBC patients, and 3 normal breast.  Differential gene expression was evaluated for paired normal stroma versus normal epitelium samples, paired DCIS stroma versus DCIS epitelium samples, paired IBC stroma versus IBC epitelium, IBC stroma versus DCIS stroma, and IBC epithelium versus DCIS epithelium.	Ductal carcinoma in situ (DCIS) is a precursor lesion that can give rise to invasive breast cancer (IBC).    It has been proposed that both the nature of the lesion and the tumor microenvironment play key roles in progression to IBC.  Here, laser capture microdissected tissue samples from epithelium and stroma in normal breast, pure DCIS, and pure IBC were employed to define key gene expression profiles associated with disease progression.	GPL5175	GEO	Progression of ductal carcinoma in situ to invasive breast cancer	Expression profiling by array
GSE3494	Singapore	Singapore	Genome Institute of Singapore	Public on Oct 21 2005	Aug 26 2019	All tumor specimens were assessed on U133 A and B arrays.	The biological tumor samples (ie, breast tumor specimens) consisted of freshly frozen breast tumors from a population-based cohort of 315 women representing 65% of all breast cancers resected in Uppsala County, Sweden, from January 1, 1987 to December 31, 1989.  Estrogen receptor status was determined by biochemical assay as part of the routine clinical procedure. An experienced pathologist determined the Elston-Ellis grades of the tumors, classifying the tumors into low, medium and high-grade tumors.  The clinico-pathological characteristics accompanying each tumor include p53 status, ER status, tumor grade, lymph node status and patient age. + Keywords: Tumor sample comparisons	GPL96 + GPL97	GEO	An expression signature for p53 in breast cancer predicts mutation status, transcriptional effects, and patient survival	Expression profiling by array
GSE41194	St Louis	USA	Washington University at St. Louis	Public on Sep 29 2012	Dec 13 2018	RNA from human samples were extracted, purified, amplified, and evaluated for gene expression using Affymetrix U95Av2 gene expression arrays.	We used gene expression profiling of human DCIS and IBC to discover uniquely expressed genes that may also regulate progression.	GPL8300	GEO	Differentially Expressed Genes Regulating the Progression of Ductal Carcinoma In Situ to Invasive Breast Cancer (Group 1)	Expression profiling by array
GSE41196	St Louis	USA	Washington University at St. Louis	Public on Sep 29 2012	Dec 13 2018	RNA from human samples were extracted, purified, amplified, and evaluated for gene expression using Affymetrix U95Av2 gene expression arrays.	We used gene expression profiling of human DCIS and IBC to discover uniquely expressed genes that may also regulate progression.	GPL8300	GEO	Differentially Expressed Genes Regulating the Progression of Ductal Carcinoma In Situ to Invasive Breast Cancer (Group 2)	Expression profiling by array
GSE41197	St Louis	USA	Washington University at St. Louis	Public on Sep 29 2012	Dec 13 2018	RNA from human samples were extracted, purified, amplified, and evaluated for gene expression using Affymetrix U95Av2 gene expression arrays.	We used gene expression profiling of human DCIS and IBC to discover uniquely expressed genes that may also regulate progression.	GPL8300	GEO	Differentially Expressed Genes Regulating the Progression of Ductal Carcinoma In Situ to Invasive Breast Cancer (Group 3)	Expression profiling by array
GSE42568	Dublin	Ireland	Dublin City University	Public on May 26 2013	Mar 25 2019	Gene expression profiling of 104 breast cancer and 17 normal breast biopsies.	Analysis of 104 breast cancer biopsies (removed prior to any treatment with tamoxifen or chemotherapeutic agents) from patients aged between 31 years and 89 years at the time of diagnosis (mean age 58 years). Twenty were less than 50 years and seventy-seven women were 50 years, or older, at diagnosis. The size of the tumours ranged between 0.6 cm and 8.0 cm (mean 2.79 cm). Eighteen tumours were T1 (<2 cm) in maximal dimension; 83 were T2 (2–5 cm) and 3 tumours were T3 (>5 cm). Eighty-two were invasive ductal carcinoma, 17 were invasive lobular and five were tumours of special type (two tubular and three mucinous). Eleven tumours were grade 1; 40 were grade 2; and 53 were grade 3. Sixty-seven tumours were oestrogen receptor (ER) positive and 34 were ER negative (ER status was determined by Enzyme Immuno-Assay (EIA); a positive result was defined as more than 200 fmol/g protein). ER status was not available for 3 patients. Forty-five tumours had no axillary metastases and 59 tumours had metastasised to axillary lymph nodes. Sixty-nine women were treated with post-operative tamoxifen; 26 did not receive tamoxifen. Fifty patients were treated with adjuvant systemic chemotherapy (CMF +/− adriamycin); 45 patients did not receive chemotherapy. Details regarding tamoxifen and systemic chemotherapy were not available for 9 patients. Maximal follow-up was 3,026 days with a mean follow-up of 1,887 days. + 17 normal breast tissues were also assayed.	GPL570	GEO	Breast Cancer Gene Expression Analysis	Expression profiling by array
GSE43365	Boston	USA	Dana Farber Cancer Institut	Public on Jun 03 2013	Aug 12 2019	Total RNA was extracted from fresh tumor tissues comprising ≥30% invasive tumor cells and hybridized on Affymetrix microarrays if the RIN was  ≥ 7.	Genomic Grade Index (GGI) is a 97-gene signature that improves histologic grade (HG) classification in invasive breast carcinoma. In this prospective study we sought to evaluate the feasibility of performing GGI in routine clinical practice and its impact on treatment recommendations. Patients with pT1pT2 or operable pT3, N0-3 invasive breast carcinoma were recruited from 8 centers in Belgium. Fresh surgical samples were sent at room temperature in the MapQuant Dx™ PathKit for centralized genomic analysis. Genomic profiles were determined using Affymetrix U133 Plus 2.0 and GGI calculated using the MapQuant Dx™ protocol, which defines tumors as low or high Genomic Grade (GG-1 and GG-3 respectively). 180 pts were recruited and 155 were eligible. The MapQuant test was performed in 142 cases and GGI was obtained in 78% of cases (n=111). Reasons for failures were 15 samples with <30% of invasive tumor cells (11%), 15 with insufficient RNA quality (10%), and 1 failed hybridization (<1%). For tumors with an available representative sample (≥ 30% inv. tumor cells) (n=127), the success rate was 87.5 %. GGI reclassified 69% of the 54 HG2 tumors as GG-1 (54%) or GG-3 (46%). Changes in treatment recommendations occurred mainly in the subset of HG2 tumors reclassified into GG-3, with increased use of chemotherapy in this subset.  The use of GGI is feasible in routine clinical practice and impacts treatment decisions in early-stage breast cancer.	GPL570	GEO	Genomic Grade Index (GGI): Feasibility in routine practice and impact on treatment decisions in early breast cancer	Expression profiling by array
GSE45255	Winston-Salem	USA	Atrium Health Wake Forest Baptist	Public on Mar 21 2013	Jun 06 2022	Breast tumor samples derived from the Institut Jules Bordet (IJB; Belgium), John Radcliffe Hospital (JRH; Oxford) and the National University Hospital (NUH, Singapore) were profiled on the Affymetrix U133A platform. The number of tumors profiled (n) and the corresponding dates of tumor diagnosis are as follows. IJB: n=41, 1994-2001; JRH: n=8, 1990-1993; and NUH: n=100, 2000-2002.	To facilitate a better understanding of the molecular heterogeneity of breast cancer and to uncover gene-survival associations that segregate with distinct molecular subtypes, we recently compiled a meta-analytical database of over 2,000 human breast tumor expression profiles variously annotated for clinical and pathological variables and derived from various institutions worldwide. This database was utilized for the breast tumor study cited below: Nagalla, et. al., Genome Biology, 2013. While the majority of the tumor expression profiles included in this database derived from publicly accessible microarray repositories, a number of the samples had not been previously published. Here, we describe the origin of these samples and provide their associated clinical and pathological annotations with the hope that other investigators will be able to utilize these data in their own research.	GPL96	GEO	Expression Profiles of Breast Tumors from Singapore and Europe	Expression profiling by array
GSE4611	Frankfurt	Germany	J.W.Goethe-University	Public on Oct 14 2014	Aug 10 2018	Fresh frozen surgical biopsy samples from consecutive patients were analyzed on Affymetrix HGU133A	Pooling of microarray datasets seems to be a reasonable approach to increase sample size when a heterogeneous disease like breast cancer is concerned. Different methods for the adaption of datasets have been used in the literature. We have analyzed influences of these strategies using a pool of 3,030 Affymetrix U133A microarrays from breast cancer samples. We present data on the resulting concordance with biochemical assays of well known parameters and highlight critical pitfalls. We further propose a method for the inference of cutoff values directly from the data without prior knowledge of the true result. The cutoffs derived by this method displayed high specificity and sensitivity. Markers with a bimodal distribution like ER, PgR, and HER2 discriminate different biological subtypes of disease with distinct clinical courses. In contrast, markers displaying a continuous distribution like proliferation markers as Ki67 rather describe the composition of the mixture of cells in the tumor.	GPL96	GEO	Breast Cancer Gene Expression Data from Frankfurt Series	Expression profiling by array
GSE46184	Frankfurt	Germany	J.W.Goethe-University	Public on Apr 17 2014	Aug 10 2018	Fresh frozen pre-treatment surgical biopsy samples from breast cancer patients were analyzed on Affymetrix HGU133A.	Gene expression profiling of surgical biopsies from 74 breast cancer patients of different subtypes from Hamburg dataset.	GPL96	GEO	Breast Cancer Gene Expression Data from Hamburg Series	Expression profiling by array
GSE47109	NY	USA	Signal Genetics	Public on Jun 23 2013	Mar 25 2019	Expression profiles of 246 invasive breast carcinomas.	Molecular prognostic assays, such as Oncotype DX, are increasingly incorporated into the management of patients with invasive breast carcinoma. BreastPRS is a new molecular assay developed and validated from a meta-analysis of publically available genomic datasets. We applied the assay to matched fresh-frozen (FF) and formalin-fixed paraffin embedded (FFPE) tumor samples to translate the assay to FFPE.  A linear relationship of the BreastPRS prognostic score was observed between tissue preservation formats. BreastPRS recurrence scores were compared with Oncotype DX recurrence scores from 246 patients with invasive breast carcinoma and known Oncotype DX results. Using this series, a 120-gene linear discriminant algorithm (LDA) was trained to predict Oncotype DX risk groups and then applied to series of untreated, node-negative, estrogen receptor (ER) – positive patients from previously published studies with known clinical outcomes. Correlation of recurrence score and risk group between Oncotype DX and BreastPRS was statistically significant (P<0.0001).  59 of 260 (23%) patients from four previously published studies were classified as intermediate-risk when the 120-gene LDA was applied. BreastPRS reclassified the 59 patients into binary risk groups (high vs. low-risk). 23 (39%) patients were classified as low-risk 36 (61%) as high-risk [P=0.029, HR: 3.64, 95% CI: 1.40 to 9.50]. At 10 years from diagnosis, the low-risk group had a 90% recurrence-free survival (RFS) rate, compared to 60% for the high-risk group. BreastPRS recurrence score is comparable to Oncotype DX and can reclassify Oncotype DX intermediate-risk patients into two groups with significant differences in RFS. Further studies are needed to validate these findings.	GPL570	GEO	BreastPRS is a Gene Expression Assay that Stratifies Intermediate-Risk Oncotype DX Patients into High or Low-Risk for Disease Recurrence	Expression profiling by array
GSE48390	New Taipei City	Taiwan	Cathay General Hospital SiJhih	Public on Jan 07 2014	Sep 01 2021	We performed 23 array CGHs and 81 gene expression microarrays in breast cancer samples from Taiwanese women. Genes with coherent patterns of both CNV and differential gene expression were identified from the 21 samples assayed using both platforms. We used these genes to derive signatures associated with clinical ER and HER2 status and disease-free survival.	The interplay between copy number variation (CNV) and differential gene expression may be able to shed light on molecular process underlying breast cancer and lead to the discovery of cancer-related genes. In the current study, genes concurrently identified in array comparative genomic hybridization (CGH) and gene expression microarrays were used to derive gene signatures for Han Chinese breast cancers.   We performed 23 array CGHs and 81 gene expression microarrays in breast cancer samples from Taiwanese women. Genes with coherent patterns of both CNV and differential gene expression were identified from the 21 samples assayed using both platforms. We used these genes to derive signatures associated with clinical ER and HER2 status and disease-free survival.   Distributions of signature genes were strongly associated with chromosomal location: chromosome 16 for ER and 17 for HER2. A breast cancer risk predictive model was built based on the first supervised principal component from 16 genes (RCAN3, MCOLN2, DENND2D, RWDD3, ZMYM6, CAPZA1, GPR18, WARS2, TRIM45, SCRN1, CSNK1E, HBXIP, CSDE1, MRPL20, IKZF1, and COL20A1), and distinct survival patterns were observed between the high- and low-risk groups from the combined dataset of 408 microarrays. The risk score was significantly higher in breast cancer patients with recurrence, metastasis, or mortality than in relapse-free individuals (0.241 versus 0, P<0.001). The concurrent gene risk predictive model remained discriminative across distinct clinical ER and HER2 statuses in subgroup analysis.  We conclude that parallel analysis of CGH and microarray data, in conjunction with known gene expression patterns, can be used to identify biomarkers with prognostic values in breast cancer.	GPL570	GEO	Concurrent Gene Signatures for Han Chinese Breast Cancers [Affymetrix]	Expression profiling by array
GSE4922	Singapore	Singapore	Genome Institute of Singapore	Public on May 31 2006	Aug 10 2018	All tumor specimens were assessed on U133 A and B arrays.	Histological grading of breast cancer defines morphological subtypes informative of metastatic potential, although not without considerable inter-observer disagreement and clinical heterogeneity particularly among the moderately differentiated grade II (G2) tumors. We posited that a gene expression signature capable of discerning tumors of grade I (G1) and grade III (G3) histology might provide a more objective measure of grade with prognostic benefit for patients with moderately differentiated disease. To this end, we studied the expression profiles of 347 primary invasive breast tumors analyzed on Affymetrix microarrays. Using class prediction algorithms, we identified 264 robust grade-associated markers, six of which could accurately classify G1 and G3 tumors, and separate G2 tumors into two highly discriminant classes (termed G2a and G2b genetic grades) with patient survival outcomes highly similar to those with G1 and G3 histology, respectively. Statistical analysis of conventional clinical variables further distinguished G2a and G2b subtypes from each other, but also from histologic G1 and G3 tumors. In multivariate analyses, genetic grade was consistently found to be an independent prognostic indicator of disease recurrence comparable to that of lymph node status and tumor size. When incorporated into the Nottingham Prognostic Index, genetic grade enhanced detection of patients with less harmful tumors, likely to benefit little from adjuvant therapy. Our findings show that a genetic grade signature can improve prognosis and therapeutic planning for breast cancer patients, and support the view that low and high grade disease, as defined genetically, reflect independent pathobiological entities rather than a continuum of cancer progression. Three separate breast cancer cohorts were analyzed: 1) Uppsala (n=249), 2) Stockholm (n=58), 3) Singapore (n=40). The Uppsala and Singapore data can be accessed here. The Stockholm cohort data can be accessed at GEO Series GSE1456. + Keywords: Tumor sample comparisons	GPL96 + GPL97	GEO	Genetic Reclassification of Histologic Grade Delineates New Clinical Subtypes of Breast Cancer	Expression profiling by array
GSE50948	Penzberg	Germany	Roche	Public on Jan 21 2014	Jun 06 2022	Gene expression profiling was performed using RNA from formalin-fixed paraffin-embedded core biopsies from 114 pre-treated patients with HER2-positive (HER2+) tumors randomized to receive neoadjuvant doxorubicin/paclitaxel (AT) followed by cyclophosphamide/methotrexate/fluorouracil (CMF), or the same regimen in combination with trastuzumab for 1 year. A control cohort of 42 patients with HER2-negative tumors treated with AT-CMF was also included. +  + This dataset represents 156 patients who had provided the samples at baseline (pre-treatment).	These data can be used for evaluation of the clinical utility of the research-based PAM50 subtype predictor in predicting pathological complete response (pCR) and event-free survival (EFS) in women enrolled in the NeOAdjuvant Herceptin (NOAH) trial. + The NeOAdjuvant Herceptin [NOAH] trial demonstrated that trastuzumab significantly improves pCR rates and 3-year event-free survival (EFS) in combination with neoadjuvant chemotherapy compared with neoadjuvant chemotherapy alone in patients with HER2+ breast cancer.	GPL570	GEO	Expression Data from transNOAH breast cancer trial	Expression profiling by array
GSE5327	Chicago	USA	University of Chicago	Public on May 14 2007	Aug 10 2018	58 tumor samples	Validation of lung metastasis signature (LMS) and its association with risk of developing lung metastasis and with primary tumor size. + Keywords: Disease state analysis	GPL96	GEO	Breast cancer relapse free survival and lung metastasis free survival	Expression profiling by array
GSE5460	Boston	USA	Dana Farber Cancer Institute	Public on May 26 2007	Mar 25 2019	Microarray data from the tumors of 129 patients were analyzed for the ability to predict biomarkers (ER, PR, HER2), histologic features (grade and lymphatic-vascular invasion), and stage-related information (tumor size and lymph node metastasis). Multiple statistical predictors were used and the prediction accuracy determined by error rates of prediction and by dimensional scaling and visualization of the states under study. Models to predict lymph node metastasis were built by combinations of molecular, histologic and anatomic features. +  + ***GSM125119.CEL and GSM125120.CEL are corrupt***	Predictors built from gene expression data accurately predict ER, PR, and HER2 status, and divide tumor grade into high-grade and low-grade clusters; intermediate-grade tumors are not a unique group.  In contrast, gene expression data cannot be used to predict tumor size or lymphatic-vascular invasion. + Keywords: disease state analysis	GPL570	GEO	Predicting Features of Breast Cancer with Gene Expression Patterns	Expression profiling by array
GSE5764	Olomouc	Czech Republic	Palacky University	Public on Mar 16 2007	Mar 25 2019	Ten surgical specimens obtained by mastectomy from postmenopausal patients with invasive ductal (IDC) and lobular breast (ILC) carcinomas were investigated. Of these, 5 were IDCs and 5 were ILCs. Tumor and normal tissues from the same mammary gland were identified by an experienced pathologist, snap-frozen in liquid nitrogen and stored at -80ºC for further analysis. Microdissection, RNA isolation, amplification, labeling and microarray analysis are described in sample definitions. Samples from particular cell types (normal ductal, normal lobular, tumor ductal, tumor lobular - 10, 10, 5, 5 samples, respectively) were considered as biological replicates and were compared in between.	The aim of our study was to identify gene expression profiles of ductal and lobular carcinomas in relation to normal ductal and lobular cells. We examined ten mastectomy specimens from postmenopausal breast cancer patients. Ductal and lobular tumor and normal cells were microdissected from cryosections. Fifty nanograms of total RNA were amplified and labeled by PCR and in vitro transcription. GCOS pairwise comparison algorithm and rank products have identified multiple genes that are differentially expressed in comparisons between ductal and lobular tumor and normal cell types. The results suggest that these genes are involved in epithelial-mesenchymal transition, TGFbeta and Wnt signaling. These changes are present in both tumor types but appear to be more prominent in lobular carcinomas. + Keywords: cell type comparison	GPL570	GEO	Analysis of microdissected invasive lobular and ductal breast carcinomas in relation to normal ductal and lobular cells	Expression profiling by array
GSE57968	New York	USA	Memorial Sloan-Kettering Cancer Center	Public on Dec 01 2014	Jun 14 2020	All paired samples (n 88) were obtained following surgical resection at the MSKCC as part of routine clinical care, and snap frozen. Tumors were obtained in accordance with Institutional Review Board policies at the MSKCC. Each sample was examined histologically by a breast pathologist and microdissected to achieve >70% tumor cell content. Genomic DNA or RNA was extracted using the DNeasy kit (Qiagen) or RNeasy Kit (Qiagen) as per the manufacturer’s instructions. Expression analysis of tumors was performed using the Affymetrics U133 2.0 microarray (Affymetrix). Affymetrix CEL files were imported into the Partek Genomics Suite 6.1 (Partek), using RMA normalization.	We sought to characterize methylome remodeling during regional metastasis.  We profiled the DNA methylome (n=44) and transcriptome (n=36) of matched primary breast tumors and regional metastases.	GPL571	GEO	Methylome remodeling in regional breast cancer metastasis [expression]	Expression profiling by array
GSE5847	Bethesda	USA	NCI	Public on Sep 30 2007	Mar 18 2020	We applied LCM to obtain samples enriched in tumor epithelium and stroma from 15 IBC and 35 non-IBC cases to study the relative contribution of each component to the IBC phenotype and to patient survival. 	Tumor epithelium and surrounding stromal cells were isolated using laser capture microdissection of human breast cancer to examine differences in gene expression based on tissue types from inflammatory and non-inflammatory breast cancer + Keywords: LCM	GPL96	GEO	Tumor and stroma from breast by LCM	Expression profiling by array
GSE58644	Lausanne	Switzerland	EPFL	Public on Oct 08 2014	Jul 26 2018	321 samples from breast cancer patients.	Breast carcinoma (BC) have been extensively profiled by high-throughput technologies for over a decade, and broadly speaking, these studies can be grouped into those that seek to identify patient subtypes (studies of heterogeneity) or those that seek to identify gene signatures with prognostic or predictive capacity. The shear number of reported signatures has led to speculation that everything is prognostic in BC. Here we show that this ubiquity is an apparition caused by a poor understanding of the inter- relatedness between subtype and the molecular determinants of prognosis. Our approach constructively shows how to avoid confounding due to a patient''s subtype, clinicopathological or treatment profile. The approach identifies patients who are predicted to have good outcome at time of diagnosis by all available clinical and molecular markers, but who experience a distant metastasis within five years. These inherently difficult patients (~7% of BC) are prioritized for investigations of intra-tumoral heterogeneity.	GPL6244	GEO	The prognostic ease and difficulty of invasive breast carcinoma	Expression profiling by array
GSE58984	Brussels	Belgium	Institut Jules Bordet	Public on Dec 31 2016	Mar 25 2019	The dataset (as part of the FP7 EU consortium) is composed of 94 HER2 positive early stage breast cancer samples treated with adjuvant trastuzumab provided by the Jules Bordet Institute (IJB) and the Katholieke Universiteit Leuven (KULeuven) for patients followed between 2002 and 2011. The average age of these patients is 52.9 and their median follow-up time is 4.96 years. After hybridization on the chips, the quality controls were performed following the recommandation posted on http://www.arrayanalysis.org/.	The human epidermal growth factor receptor 2 (HER2) gene encodes a tyrosine kinase receptor that controls important signal transduction pathways in breast cancer.  Amplification and overexpression of the HER2 gene occurs in approximately 20% of breast cancers and is associated with an aggressive clinical phenotype. Trastuzumab, a humanized monoclonal antibody that targets HER2 showed exceptional efficacy in the treatment of breast cancer. In the adjuvant treatment of breast cancer patients, five randomized trials showed significant benefit of trastuzumab, with a reduction in the rate of recurrence of approximately 50% and improvement in the rate of survival of approximately 30%. In the current study, positive early stage breast cancer samples treated with adjuvant trastuzumab provided by institute Jules Bordet (IJB) and KUL. Gene expression and clinical outcome data were available. to better understand the genetic regulations and effects of the trastuzumab, we profile the the genes expression of positive early stage breast cancer samples treated with adjuvant trastuzumab.	GPL570	GEO	Gene profiling of HER2 breast cancer patients treated with adjuvant trastuzumab	Expression profiling by array
GSE59772	Lund	Sweden	Lund university	Public on May 01 2015	Jul 26 2018	Three FFPE breast cancer tumors wer laser microdissected and the cancer cell and stroma compartments were collected. A piece of t	Triple-negative primary breast cancer tumors, rich in inflammatory stroma, were laser microdissected and global mRNA expression was analyzed in stroma compartment, cancer cell compartment, and in total tumor tissue.	GPL6244	GEO	Analysis of compartment-specific gene expression in breast cancer tumors	Expression profiling by array
GSE61304	Singapore	Singapore	Bioinformatics Institute	Public on May 10 2015	Mar 25 2019	Sixty two total RNA samples from breast tumors and normal breast epithelium have been purchased from OriGene Technologies in March, 2011. Four RNA samples were obtained from normal individuals. Among 58 breast tumors (58 patients) 56 were diagnosed as ductal breast adenocarcinoma, 1 - as lobular breast adenocarcinoma and 1 - as squamous cell carcinoma. Gene expression data for all the samples were quantified by using whole-genome RNA microarrays (HG-U133 plus 2.0, Affymetrix).	The study entails novel bio-marker discovery of Tumor Aggressive Grade signature (TAGs) genes and their role in recurrence free survival of breast cancer (BC) patients. Current BC dataset was used for co-expression analysis of TAGs genes and their role in BC progression. Additionally, recent findings have suggested an importance of structural organization of sense-antisense gene pairs (SAGPs) for transcription, post-transcriptional and post-translational events and their associations with cancer and disease. We studied SAGPs in which both gene partners are protein encoding genes (coding-coding SAGPs), their role in human BC development and demonstrated their potential for BC stratification and prognosis. Based on gene expression and correlation analyses we identified the robust set of breast cancer-relevant SAGPs (BCR-SAGPs). We isolated and characterized the sense-antisense gene signature (SAGS) and evaluated its prognostic potential in various gene expression datasets comprising 1161 BC patients. The methods used included the Cox proportional survival analysis, statistical analysis of clinicopathologic parameters and differential gene expression. The SAGS was effective in identification of BC patients with the most aggressive disease. Independently, we validated the SAGS using 58 RNA samples of breast cancer tumors purchased from OriGene Technologies (Rockville, MD).	GPL570	GEO	Novel bio-marker discovery for stratification and prognosis of breast cancer patients	Expression profiling by array
GSE62944	Salt Lake City	USA	University of Utah	Public on Jan 27 2015	Feb 21 2019	Using Rsubread version 1.14.2 R package, we aligned the fastq files downloaded from Cghub. First, the reads were aligned with align() function to the UCSC hg19 reference genome. Second, featureCounts() function was used to summarize the gene level expression values as integer number. Third, these summarized gene values were normalized to FPKM and TPM values. In addition, we downloaded clinical data for all tumor samples. We collated this data into a matrix and matched the ids reported in RNA-Seq data. A supplemental file showing the cancer type of each sample is included for the users. + Please note that + [1] All 9264 tumor samples have been combined to create the processed matrix files for tumor samples + [2] All 741 normal samples have been combined to create the processed matrix files for normal samples + [3] The TCGA_24_CancerType_Samples.txt and TCGA_24_Normal_CancerType_Samples.txt  files list each sample tumor type for tumor samples and normal samples respectively. + [4] 548 clinical variables for each sample are provided in the TCGA_24_548_Clinical_Variables_9264_Samples.txt + [5] Raw data mRNA sequence can be downloaded from CGHub (https://cghub.ucsc.edu/) with an access key and processed with pipeline available from https://github.com/srp33/TCGA_RNASeq_Clinical.	We reprocessed RNA-Seq data for 9264 tumor samples and 741 normal samples across 24 cancer types from The Cancer Genome Atlas with \""Rsubread\"". Rsubread is an open source R package that has shown high concordance with other existing methods of alignment and summarization, but is simple to use and takes significantly less time to process data. Additionally, we provide clinical variables publicly available as of May 20, 2015 for the tumor samples where the TCGA ids are matched.	GPL9052	GEO	Alternatively processed  and compiled RNA-Sequencing and clinical data for thousands of samples from The Cancer Genome Atlas	Expression profiling by high throughput sequencing
GSE6434	Houston	USA	Baylor College of Medicine	Public on Dec 03 2006	Dec 13 2018	Refer to individual Series	This SuperSeries is composed of the SubSeries listed below.	GPL8300	GEO	Docetaxel treatment of sensitve and resistant patients	Expression profiling by array
GSE6532	Toronto	Canada	Princess Margaret Cancer Centre	Public on Mar 01 2007	Sep 26 2019	dataset of microarray experiments from primary breast tumors used to assess the reationship between GGI, molecular subtypes, and tamoxifen resistance. +  + No replicate, no reference sample.	Purpose: A number of microarray studies have reported distinct molecular profiles of breast cancers (BC): basal-like, ErbB2-like and two to three luminal-like subtypes. These were associated with different clinical outcomes. However, although the basal and the ErbB2 subtypes are repeatedly recognized, identification of estrogen receptor (ER)-positive subtypes has been inconsistent. Refinement of their molecular definition is therefore needed. +  + Materials and methods: We have previously reported a gene-expression grade index (GGI) which defines histological grade based on gene expression profiles. Using this algorithm, we assigned ER-positive BC to either high or low genomic grade subgroups and compared these to previously reported ER-positive molecular classifications. As further validation, we classified 666 ER-positive samples into subtypes and assessed their clinical outcome. +  + Results: Two ER-positive molecular subgroups (high and low genomic grade) could be defined using the GGI. Despite tracking a single biological pathway, these were highly comparable to the previously described luminal A and B classification and significantly correlated to the risk groups produced using the 21-gene recurrence score. The two subtypes were associated with statistically distinct clinical outcome in both systemically untreated and tamoxifen-treated populations. +  + Conclusions:  The use of genomic grade can identify two clinically distinct ER-positive molecular subtypes in a simple and highly reproducible manner across multiple datasets. This study emphasizes the important role of proliferation-related genes in predicting prognosis in ER-positive BC. + Keywords: disease state analysis	GPL96 + GPL97 + GPL570	GEO	Definition of clinically distinct molecular subtypes in estrogen receptor positive breast carcinomas using genomic grade	Expression profiling by array
GSE7378	Novato	USA	Buck Institute of Age Research	Public on Apr 02 2007	Mar 28 2013	54 ER+ node negative breast tumors with known clinical outcome were analyzed.  Genes co-ordinately regulated by NFKB and AP1from literature are identified from a significant gene set obtained through a minimum variation filter.  Biomarker expression is used to dichotomize samples into high vs. low expressors to determine prognostic value	Signaling pathways that converge on two different transcription factor complexes, NFκB and AP-1, have been identified in estrogen receptor (ER)-positive breast cancers resistant to the antiestrogen, tamoxifen. + In this study, biomarkers co-ordinately up-regulated by NFKB and AP-1 with prognositic significance are identified in a largely TAM-treated set of ER+ node negative breast cancers.  The prognostic value with respect to age is also investigated. + Keywords: biomarker identification	GPL4685	GEO	Expression data from age-dichotomized ER+, N0 breast tumors	Expression profiling by array
GSE7390	Toronto	Canada	Princess Margaret Cancer Centre	Public on Jun 11 2007	Aug 10 2018	dataset of microarray experiments from primary breast tumors used to validate the 76-gene signature (VERIDEX). No replicate, no reference sample.	Background: Recently a 76-gene prognostic signature able to predict distant metastases in lymph node-negative (N-) breast cancer patients was reported. The aims of this study conducted by TRANSBIG were to independently validate these results and to compare the outcome with clinical risk assessment. Materials and Methods: Gene expression profiling of frozen samples from 198 N- systemically untreated patients was performed at the Bordet Institute, blinded to clinical data and independent of Veridex. Genomic risk was defined by Veridex, blinded to clinical data. Survival analyses, done by an independent statistician, were performed with the genomic risk and adjusted for the clinical risk, defined by Adjuvant!Online. Results: The actual 5- and 10-year time to distant metastasis (TDM) were 98% (88%-100%) and 94% (83%-98%) respectively for the good profile group and 76% (68%- 82%) and 73% (65%-79%) for the poor profile group. The actual 5- and 10-year overall survival (OS) were 98% (88%-100%) and 87% (73%-94%) respectively for the good profile group and 84% (77%-89%) and 72% (63%-78%) for the poor profile group. We observed a strong time-dependency of this signature, leading to an adjusted HR of 13.58 (1.85-99.63) and 8.20 (1.10-60.90) at 5 years, and 5.11 (1.57-16.67) and 2.55 (1.07-6.10) at 10 years for TDM and OS respectively. Conclusion: This independent validation confirmed the performance of the 76-gene signature and adds to the growing evidence that gene expression signatures are of clinical relevance, especially for identifying patients at high risk of early distant metastases. + Keywords: disease state analysis	GPL96	GEO	Strong Time Dependence of the 76-Gene Prognostic Signature	Expression profiling by array
GSE76275	Houston	USA	Baylor College of Medicine	Public on Dec 23 2015	Mar 25 2019	Refer to individual Series	This SuperSeries is composed of the SubSeries listed below.	GPL570	GEO	Comprehensive genomic analysis identify novel subtypes and targets of triple-negative breast cancer	Expression profiling by array
GSE7904	Boston	USA	Brigham and Women''s Hospital	Public on May 30 2007	Mar 25 2019	compare expression of tumor to normal breast tissue	bulk breast tumor RNA from patient + Abstract: Sporadic basal-like cancers (BLC) are a distinct class of human breast cancers that are phenotypically similar to BRCA1-associated cancers. Like BRCA1-deficient tumors, most BLC lack markers of a normal inactive X chromosome (Xi). Duplication of the active X chromosome and loss of Xi characterized almost half of BLC cases tested. Others contained biparental but nonheterochromatinized X chromosomes or gains of X chromosomal DNA. These abnormalities did not lead to a global increase in X chromosome transcription but were associated with overexpression of a small subset of X chromosomal genes. Other, equally aneuploid, but non-BLC rarely displayed these X chromosome abnormalities. These results suggest that X chromosome abnormalities contribute to the pathogenesis of BLC, both inherited and sporadic. + total 62 sample incudes 43 tumor, 7 normal breast and  12 normal organelle + Keywords: disease state analysis	GPL570	GEO	Expression data from human breast tissue	Expression profiling by array
GSE81538	Lund	Sweden	Lund University	Public on Mar 12 2018	Sep 15 2021	Illumina paired-end RNA-sequencing and expression estimation were performed for two cohorts: a training cohort with 405 samples (GSE81538), and a validation cohort with 3273 samples (of which 136 cases have technical replicates) (GSE96058).  A comprehensive histopathological evaluation was performed on the 405-cohort to estimate inter-pathologist variability on original diagnostic slides as well as on repeat immunostains, leading to consensus scores for five clinical biomarkers.  Subtyping was performed using the PAM50 gene list. +  + Due to the patient consent, Swedish law, the potential that the sequencing data contains personally-identifiable information and hereditary mutations, and the right to privacy, the submitter cannot make available the raw sequence data in a public repository.	PURPOSE + In early breast cancer (BC), five conventional biomarkers—estrogen receptor (ER), progesterone receptor (PgR), human epidermal growth factor receptor 2 (HER2), Ki67, and Nottingham histologic grade (NHG)—are used to determine prognosis and treatment. We aimed to develop classifiers for these biomarkers that were based on tumor mRNA sequencing (RNA-seq), compare classification performance, and test whether such predictors could add value for risk stratification. +  + METHODS + In total, 3,678 patients with BC were studied. For 405 tumors, a comprehensive multi-rater histopathologic evaluation was performed. Using RNA-seq data, single-gene classifiers and multigene classifiers (MGCs) were trained on consensus histopathology labels. Trained classifiers were tested on a prospective population-based series of 3,273 BCs that included a median follow-up of 52 months (Sweden Cancerome Analysis Network—Breast [SCAN-B], ClinicalTrials.gov identifier: NCT02306096), and results were evaluated by agreement statistics and Kaplan-Meier and Cox survival analyses. +  + RESULTS + Pathologist concordance was high for ER, PgR, and HER2 (average κ, 0.920, 0.891, and 0.899, respectively) but moderate for Ki67 and NHG (average κ, 0.734 and 0.581). Concordance between RNA-seq classifiers and histopathology for the independent cohort of 3,273 was similar to interpathologist concordance. Patients with discordant classifications, predicted as hormone responsive by histopathology but non–hormone responsive by MGC, had significantly inferior overall survival compared with patients who had concordant results. This extended to patients who received no adjuvant therapy (hazard ratio [HR], 3.19; 95% CI, 1.19 to 8.57), or endocrine therapy alone (HR, 2.64; 95% CI, 1.55 to 4.51). For cases identified as hormone responsive by histopathology and who received endocrine therapy alone, the MGC hormone-responsive classifier remained significant after multivariable adjustment (HR, 2.45; 95% CI, 1.39 to 4.34). +  + CONCLUSION + Classification error rates for RNA-seq–based classifiers for the five key BC biomarkers generally were equivalent to conventional histopathology. However, RNA-seq classifiers provided added clinical value in particular for tumors determined by histopathology to be hormone responsive but by RNA-seq to be hormone insensitive.	GPL11154	GEO	Clinical Value of RNA Sequencing–Based Classifiers for Prediction of the Five Conventional Breast Cancer Biomarkers: A Report From the Population-Based Multicenter Sweden Cancerome Analysis Network—Breast Initiative [cohort 405]	Expression profiling by high throughput sequencing
GSE81838	Nashville	USA	Vanderbilt University	Public on Jul 01 2016	Jul 26 2018	To determine differences in tumor and adjacent stromal tissue, laser-capture microdissction was perfomed on 10 triple negative breast cancer specimans to isolate tumor and stromal cells for gene expression analysis. RNA was isolated from captured cells and hybridized to affymetrix gene expression microarrays.	LCM was perfomed on adjacent tumor and stromal cells to identify differentially expressed genes in triple negative breast cancer.	GPL6244	GEO	Gene expression anlaysis of laser-capture microdissected tumor and stroma from triple negative breast cancer	Expression profiling by array
GSE8193	Novato	USA	Buck Institute of Age Research	Public on Sep 12 2007	Mar 28 2013	ER+ breast cancers collected from either young or old women, well matched for other clinical parameters were analyzed using expression microarrays.  Age associated tumor subtypes and enrichment of pre-defined gene signatures were identified.  Age associated differential expression and an age signature (gene-based classifier) was assessed	To investigate the biological basis between aging and sporadic breast cancer incidence and prognosis, RNA samples from matched ER+ invasive breast cancers diagnosed in either young (≤45) or old (≥70) women were analyzed by expression microarrays + Keywords: biomarker identification	GPL4685	GEO	Expression data from age-dichotomized ER+ breast tumors	Expression profiling by array
GSE86374	Mexico	Mexico	National Instute of Genomic Medicine	Public on Aug 31 2018	Sep 01 2018	Breast cancer tumors were collected at the Fundación Mexicana de Fomento para la Prevención Oportuna del Cáncer de Mama, A.C., (FUCAM) during the surgical procedure in adjuvant. Two training pathologist carefully performed a histopathological review to define percentage of tumoral cells. Also, immunochemistry markers (ER-, PR- and Her2-) were analyzed. Thus tumors with at least 70% of tumoral cells were processed (N=124). Total RNA was extracted and hybridize on Affymetrix miRNA microarrays. To define PAM50 subtypes Parker algorithm was computed.	Breast cancer is a heterogeneous disease described in well-recognized biological subtypes. Particularly, gene expression profiling has revealed 5 intrinsic subtypes of breast cancer characterized by different biological and clinical features. The diversity of the intrinsic subtypes across human population has been limited described, and there is few information about the genomic architecture of breast tumors in Mexican or Hispanic populations. In this study, we performed PAM50 assay, based in Affymetrix microarray profiling of 128 fresh frozen tumors from Mexican Latino Hispanic population, to describe the overall distribution of subtypes, and characterize the relation to clinicopathologic characteristics. As well, we correlated the mRNA expression patterns with specific copy number alterations (CPA), in order to analyze their role in breast tumors. A total of 100 blood-tumor samples were assayed using Affymetrix 6.0 SNP arrays; segmentation analysis and GISTIC were performed to identify focal amplifications or deletions. The distribution of PAM50 intrinsic subtypes in our cohort was computed to be 44% luminal A, 20% luminal B, 12.0% HER2-enriched, 12% basal-like, and 12% normal-like. Study comparison with the literature mainly TCGA and METABRIC (most of the patients came from Caucasian population), as well as LACE (which describe a population study) show a similar distribution of the intrinsic subtypes within Hispanic and Caucasian populations. Interestingly, basal-like subtype is less represented than in African-American race. The sum of sensitivity and specificity between the clinicopathologic and intrinsic subtype categories across 4 groups (excluding normal-like) was 50% and 87.5%, respectively. Differentially expression profiles within the subtypes reveal a set of genes altered in each group with biological relevance to stablish the phenotypical characteristics of each subtype. Our analyses confirmed the already reported copy number data. Importantly, many of the copy number profiles correlated with mRNA subtype. With this analysis we can conclude that breast cancer intrinsic subtypes have been reproduced in Mexican population contributing to the description of the PAM50 subtypes among multiple ethnic groups based on a gene expression assay. Our observation based in the integrative genomic analysis of mRNA expression and CPA allowed us to define gene circuits and phenotypic characteristics that can explain the heterogeneity of breast cancer subtypes.	GPL6244	GEO	Analysis of somatic DNA copy number alterations and frequency of breast cancer intrinsic subtypes from Mexican women [gene expression]	Expression profiling by array
GSE8977	Boston	USA	Brigham and Women''s Hospital	Public on Oct 05 2007	Mar 25 2019	expression array of stromal samples prepared from 15 normal/DCIS and 7 IDC tumor specimans	tumor microenviroment facilitates metastatic spread by eliciting reversible changes in the phenotypes of cancer cells + Keywords: expression analysis of breast tumor samples	GPL570	GEO	Bone-marrow-derived mesenchymal stem cells promote breast cancer metastasis	Expression profiling by array
GSE90521	Brussel	Belgium	Jules Bordet Institute	Public on Nov 26 2016	Jun 25 2019	Gene expression data were generated from micro-dissected stromal tissue.	Background: Tumoral masses are not only composed of malignant cells, but also enclose a more or less ample stromal micromilieu, which has been shown to influence the cancer cell behaviour. As aging induces accumulation of senescent cells in the body, this micromilieu is thought to be different in cancers occurring in old patients compared to the younger counterparts. More specifically, senescence-related fibroblastic features, such as the Senescence Associated Secretory Profile (SASP) and the induction of Autophagy, are suspected to stimulate tumor growth and progression. + Methods: We compared gene expression profiles in stromal fields of breast carcinomas by performing laser capture microdissection of the cancer-associated stroma from 8 old (≥80 years at diagnosis) and 9 young (< 45 years at diagnosis) triple negative breast cancer patients. Gene expression data were obtained by microarray analysis (Affymetrix). Differential gene expression and Gene Set Enrichment Analysis (GSEA) were performed. + Results: Differential gene expression analysis showed higher growth-, dedifferentiation- and migration- promoting gene expression in the stromal samples of older vs younger patients. GSEA confirmed the presence of a SASP, as well as the presence of Autophagy in the stroma of older patients. + Conclusion: We provide the first evidence in humans that older age at diagnosis is associated with a different stromal micromilieu in breast cancers. The SASP and the presence of Autophagy appear to be important age-induced stromal features.	GPL570	GEO	The footprint of the aging stroma in older breast cancer patients.	Expression profiling by array
GSE9195	Toronto	Canada	Princess Margaret Cancer Centre	Public on May 07 2008	Mar 25 2019	dataset of microarray experiments from primary breast tumors of patients treated by Tamoxifen in adjuvant setting. No replicate, no reference sample.	Background: Estrogen receptor positive (ER+) breast cancers (BC) are heterogeneous with regard to their clinical behavior and response to therapies. The ER is currently the best predictor of response to the anti-estrogen agent tamoxifen, yet up to 30-40% of ER+BC will relapse despite tamoxifen treatment. New prognostic biomarkers and further biological understanding of tamoxifen resistance are required. We used gene expression profiling to develop an outcome-based predictor using a training set of 255 ER+ BC samples from women treated with adjuvant tamoxifen monotherapy. We used clusters of highly correlated genes to develop our predictor to facilitate both signature stability and biological interpretation. Independent validation was performed using 362 tamoxifen-treated ER+ BC samples obtained from multiple institutions and treated with tamoxifen only in the adjuvant and metastatic settings. +  + Results: We developed a gene classifier consisting of 181 genes belonging to 13 biological clusters. In the independent set of adjuvantly-treated samples, it was able to define two distinct prognostic groups (HR 2.01 95%CI: 1.29-3.13; p=0.002). Six of the 13 gene clusters represented pathways involved in cell cycle and proliferation. In 112 metastatic breast cancer patients treated with tamoxifen, one of the classifier components suggesting a cellular inflammatory mechanism was significantly predictive of response. +  + Conclusions: We have developed a gene classifier that can predict clinical outcome in tamoxifen-treated ER+ BC patients. Whilst our study emphasizes the important role of proliferation genes in prognosis, our approach proposes other genes and pathways that may elucidate further mechanisms that influence clinical outcome and prediction of response to tamoxifen. + Keywords: disease state analysis	GPL570	GEO	Predicting prognosis using molecular profiling in estrogen receptor-positive breast cancer treated with tamoxifen	Expression profiling by array
GSE93332	Brussels	Belgium	Institut Jules Bordet	Public on Sep 05 2018	Mar 25 2019	RNAs were extracted from eight Fresh-Frozen preserved breast cancers. RNAs were amplified and labeled using Affymetrix''s GeneChip® 3'' IVT Express kit, and profiled on Affymetrix''s GeneChip® HG-U133 Plus2.0 Array according to Affymetrix''s standard procedure.	The reliability of differential expression analysis on FFPE expression profiles from Affymetrix arrays is questionable, due to the wide range of percent-present values reported in studies which profiled FFPE samples on Affymetrix arrays. Moreover the validity of externally defined gene-modules in FFPE microarray expression profiles is unknown. Using eight breast cancer tumors with available frozen and FFPE samples, five sample-matched data sets were generated from different combination of Affymetrix arrays, amplification-and-labeling kit and sample preservation method.  The reliability of differential expression analysis was investigated by developing de novo ER/HER2 pathway gene-modules from matched data sets and validating it on external data set using ROC analysis. Spearman''s rank correlation coefficient of module scores between matched FFPE-frozen expression profiles was used to measure reliability of externally defined gene-modules in FFPE expression profiles. Independent of array/amplification-kit/sample preservation method used, de novo ER/HER2 gene-modules derived from all matching data sets showed similar prediction performance during independent validation (AUC range; ER: 0.92-0.95, HER2: 0.88-0.91), except for de novo HER2 gene-module derived from FFPE data set with 3''IVT kit (AUC: 0.67-0.72). Further not all gene-module based biological signals present in frozen expression profiles can be recovered from matching FFPE microarray expression profiles using the currently available FFPE specific sample preparation kits. The gene-module based biological signal extracted from FFPE RNA, using microarrays, may not be as reliable as that from their frozen counterpart, if the sample preparation protocol used with FFPE RNA failed to recover relevant genes involved in the biological signal.	GPL570	GEO	Fresh-Frozen samples profiled on HG-U133plus2 array with Affymetrix''s GeneChip® 3'' IVT Express kit	Expression profiling by array
GSE9574	Boston	USA	Boston University School of Medicine	Public on Dec 10 2007	Aug 10 2018	29 samples from histologically normal microdissected breast epithelium are included in this series. 14 samples are from epithelium adjacent to a breast tumor, 15 samples were obtained from patients undergoing reduction mammoplasty without apparent breast cancer	Normal-appearing epithelium of cancer patients can harbor occult genetic abnormalities. Data comprehensively comparing gene expression between histologically normal breast epithelium of breast cancer patients and cancer-free controls are limited. The present study compares global gene expression between these groups. We performed microarrays using RNA from microdissected histologically normal terminal ductal-lobular units (TDLU) from 2 groups: (i) cancer normal (CN) (TDLUs adjacent to untreated ER1 breast cancers (n 14)) and (ii) reduction mammoplasty (RM) (TDLUs of age-matched women without breast disease (n 15)). Cyber-T identi?ed differentially expressed genes. Quantitative RT-PCR (qRT-PCR), immunohistochemistry (IHC), and comparison to independent microarray data including 6 carcinomas in situ (CIS), validated the results. Gene ontology (GO), UniProt and published literature evaluated gene function. About 127 probesets, corresponding to 105 genes, were differentially expressed between CN and RM (p < 0.0009, corresponding to FDR <0.10). 104/127 (82%) probesets were also differentially expressed between CIS and RM, nearly always (102/104 (98%)) in the same direction as in CN vs. RM. Two-thirds of the 105 genes were implicated previously in carcinogenesis. Overrepresented functional groups included transcription, G-protein coupled and chemokine receptor activity, the MAPK cascade and immediate early genes. Most genes in these categories were under-expressed in CN vs. RM. We conclude that global gene expression abnormalities exist in normal epithelium of breast cancer patients and are also present in early cancers. Thus, cancer-related pathways may be perturbed in normal epithelium. These abnormalities could be markers of disease risk, occult disease, or the tissue’s response to an existing tumor. + Keywords: disease state analysis	GPL96	GEO	Gene expression abnormalities in histologically normal breast epithelium of breast cancer patients	Expression profiling by array
GSE96058	Lund	Sweden	Lund University	Public on Mar 12 2018	May 04 2022	Illumina paired-end RNA-sequencing and expression estimation were performed for two cohorts: a training cohort with 405 samples (GSE81538), and a validation cohort with 3273 samples (of which 136 cases have technical replicates) (GSE96058).  A comprehensive histopathological evaluation was performed on the 405-cohort to estimate inter-pathologist variability on original diagnostic slides as well as on repeat immunostains, leading to consensus scores for five clinical biomarkers.  Subtyping was performed using the PAM50 gene list. +  + Please note that there are \""primary sample\"" (e.g F30) and \""technical replicate\"" (e.g. F30repl) of the same BioSample.  The technical replicates in herein are primarily newly constructed and sequenced libraries from the same RNA extraction as the primary sample, with the remaining replicates being re-sequencings of the same library as the respective primary sample. +  + Due to the patient consent, Swedish law, the potential that the sequencing data contains personally-identifiable information and hereditary mutations, and the right to privacy, the submitter cannot make available the raw sequence data in a public repository.	PURPOSE + In early breast cancer (BC), five conventional biomarkers—estrogen receptor (ER), progesterone receptor (PgR), human epidermal growth factor receptor 2 (HER2), Ki67, and Nottingham histologic grade (NHG)—are used to determine prognosis and treatment. We aimed to develop classifiers for these biomarkers that were based on tumor mRNA sequencing (RNA-seq), compare classification performance, and test whether such predictors could add value for risk stratification. +  + METHODS + In total, 3,678 patients with BC were studied. For 405 tumors, a comprehensive multi-rater histopathologic evaluation was performed. Using RNA-seq data, single-gene classifiers and multigene classifiers (MGCs) were trained on consensus histopathology labels. Trained classifiers were tested on a prospective population-based series of 3,273 BCs that included a median follow-up of 52 months (Sweden Cancerome Analysis Network—Breast [SCAN-B], ClinicalTrials.gov identifier: NCT02306096), and results were evaluated by agreement statistics and Kaplan-Meier and Cox survival analyses. +  + RESULTS + Pathologist concordance was high for ER, PgR, and HER2 (average κ, 0.920, 0.891, and 0.899, respectively) but moderate for Ki67 and NHG (average κ, 0.734 and 0.581). Concordance between RNA-seq classifiers and histopathology for the independent cohort of 3,273 was similar to interpathologist concordance. Patients with discordant classifications, predicted as hormone responsive by histopathology but non–hormone responsive by MGC, had significantly inferior overall survival compared with patients who had concordant results. This extended to patients who received no adjuvant therapy (hazard ratio [HR], 3.19; 95% CI, 1.19 to 8.57), or endocrine therapy alone (HR, 2.64; 95% CI, 1.55 to 4.51). For cases identified as hormone responsive by histopathology and who received endocrine therapy alone, the MGC hormone-responsive classifier remained significant after multivariable adjustment (HR, 2.45; 95% CI, 1.39 to 4.34). +  + CONCLUSION + Classification error rates for RNA-seq–based classifiers for the five key BC biomarkers generally were equivalent to conventional histopathology. However, RNA-seq classifiers provided added clinical value in particular for tumors determined by histopathology to be hormone responsive but by RNA-seq to be hormone insensitive.	GPL11154 + GPL18573	GEO	Clinical Value of RNA Sequencing–Based Classifiers for Prediction of the Five Conventional Breast Cancer Biomarkers: A Report From the Population-Based Multicenter Sweden Cancerome Analysis Network—Breast Initiative [cohort 3273]	Expression profiling by high throughput sequencing
GSE19615	Manhattan	USA	Memorial Sloane Kettering Cancer Center	Public on January 05, 2010	Jun 06 2022	Affymetrix U133Plus2 from 115 tumor patients	Integrated DNA and expression array analysis in primary human breast tumors identified chromosome 8q22 copy number gain and a suite of over-expressed genes in this region highly relevant to subsequent recurrence. 8q copy gain is associated with increased risk of distant metastasis despite adjuvant chemotherapy and multiple genes from 8q22 are overexpressed and have pleiotropic effects, contributing to tumor growth, survival, and reduced killing of tumor cell by chemotherapy.	GPL570	GEO	Integrated genomic and function characterization of 8q22 gain	Expression profiling by array
E-TABM-158	Berkeley	USA	Lawrence Berkeley National Laboratory	Public on June 27, 2008	Mar 09 2022	We measured baseline gene expressionprofiles for a set of breast tumors. Note: this experiment was modified in June 2008 when the CEL files associated with some hybridizations were changed.	Breast cancers today are of predominantly T1 (0.1 ≥ 2.0 cm) or T2 (>2 ≤ 5 cm) categories due to early diagnosis. Molecular profiling using microarrays has led to the notion of breast cancer as a heterogeneous disease both clinically and molecularly. Given the prognostic power and clinical use of tumor size, the purpose of this study was to search for molecular signatures characterizing clinical T1 and T2. In total 46 samples were included in the discovery dataset. After adjusting for hormone receptor status, lymph node status, grade, and tumor subclass 441 genes were differently expressed between T1 and T2 tumors. Focal adhesion and extracellular matrix receptor interaction were upregulated in the smaller tumors while p38MAPK signaling and immune-related pathways were more dominant in the larger tumors. The T-size signature was then tested on a validation set of 947 breast tumor samples. Using the T-size expression signatures instead of tumor size leads to a significant difference in risk for distant metastases (P < 0.001). If further confirmed, this molecular signature can be used to select patients with tumor category T1 who may need more aggressive treatment and patients with tumor category T2 who may have less benefit from it.	A-AFFY-76	ArrayExpress	Transcription profiling of human breast cancer samples	NA
METABRIC	Cambridge	UK	University of Cambridge,Department of Oncology	Public on December 21, 2012	NA	DNA and RNA were isolated from samples and hybridized to the Affymetrix SNP 6.0 and Illumina HT-12 v3 platforms for genomic and transcriptional profiling, respectively.	The elucidation of breast cancer subgroups and their molecular drivers requires integrated views of the genome and transcriptome from representative numbers of patients. We present an integrated analysis of copy number and gene expression in a discovery and validation set of 997 and 995 primary breast tumours, respectively, with long-term clinical follow-up. Inherited variants (copy number variants and single nucleotide polymorphisms) and acquired somatic copy number aberrations (CNAs) were associated with expression in ~40% of genes, with the landscape dominated by cis- and trans-acting CNAs. By delineating expression outlier genes driven in cis by CNAs, we identified putative cancer genes, including deletions in PPP2R2A, MTAP and MAP2K4. Unsupervised analysis of paired DNA–RNA profiles revealed novel subgroups with distinct clinical outcomes, which reproduced in the validation cohort. These include a high-risk, oestrogen-receptor-positive 11q13/14 cis-actingsubgroup and a favourable prognosis subgroup devoid of CNAs. Trans-acting aberration hotspots were found to modulate subgroup-specific gene networks, including a TCR deletion-mediated adaptive immune response in the ‘CNA-devoid’ subgroup and a basal-specific chromosome 5 deletion-associated mitotic network. Our results provide a novel molecular stratification of the breast cancer population, derived from the impact of somatic CNAs on the transcriptome.	NA	cBioPortal	METABRIC	NA
ICGC_KR	NA	Korea	NA	2012	NA	Breast cancer gene expression data for the International Cancer Genome Atlas South Korean Cohort	NA	NA	ICGC	ICGC_KR	NA
